Cathegorie,,Product ID,Product Name,Product Type,,SubProduct Type,region,Where,,,Additional Services,duration,Number of peoples,Unit price ,Sales,Views,Quantity,Sales Last Year,Views Last Year,Quantity Last Year,Grow sales
montgolfière,,1483694,1h de vol en mongoflière avec coupe de champagne près de Reims,(Durée) de vol en,,,,,,,,1h,,"219,90"," €  1 539,30 ",  259 ,  7 , €  -   ,  -   ,  -   ,"0,00%"
montgolfière,,1483695,1h de vol en mongoflière pour 2 avec coupe de champagne près de Reims,(Durée) de vol en,,,,,,,,1h,pour 2,"389,90"," €  13 191,62 ",  867 ,  34 , €  -   ,  -   ,  -   ,"0,00%"
montgolfière,,1511607,1h de vol en montgolfière en semaine en France pour un,(Durée) de vol en,,,,,,,,1h,pour 1,"214,90"," €  4 512,90 ",  792 ,  21 ," €  5 551,58 ",  2 949 ,  26 ,"-18,71%"
montgolfière,,1511606,1h de vol en montgolfière en semaine pour 2,(Durée) de vol en,,,,,,,,1h,pour 2,"429,90"," €  4 012,40 ",  1 425 ,  9 ," €  716,50 ",  587 ,  2 ,"460,00%"
montgolfière,,1351908,1h de vol en montgolfière en Touraine avec collation,(Durée) de vol en,,,,,,,,1h,,"279,90", €  -   ,  213 ,  -   ," €  466,50 ",  592 ,  2 ,"-100,00%"
montgolfière,,1458482,1h de vol en montgolfière le matin en semaine en Bourgogne pour 2,(Durée) de vol en,,,,,,,,1h,pour 2,"289,90"," €  12 514,02 ",  1 122 ,  43 , €  -   ,  -   ,  -   ,"0,00%"
montgolfière,,1461328,1h de vol en montgolfière pour 2 avec briefing et gonflement du ballon près de Bordeaux,(Durée) de vol en,,,,,,,,1h,pour 2,"479,90"," €  559,88 ",  297 ,  1 , €  -   ,  -   ,  -   ,"0,00%"
montgolfière,,1505189,1h15 de vol en montgolfière au-dessus des Pyrénées en semaine,(Durée) de vol en,,,midi-pyrénées,Pyrénées,,,,1h15,,"184,90"," €  431,43 ",  209 ,  2 , €  -   ,  -   ,  -   ,"0,00%"
montgolfière,,1473291,1h30 de vol en montgolfière en famille avec montage du ballon et toast dans le nord de la France,(Durée) de vol en,,,,,,,,1h30,en famille (2 adultes + 1 enfant),"529,90", €  -   ,  271 ,  -   , €  -   ,  -   ,  -   ,"0,00%"
montgolfière,,1473294,1h30 de vol en montgolfière en famille pour 2 adultes et 1 enfant près d'Amiens,(Durée) de vol en,,,,,,,,1h30,2 adultes + 1 enfant,"549,90", €  -   ,  16 ,  -   , €  -   ,  -   ,  -   ,"0,00%"
montgolfière,,1520353,2h de vol en montgolfière au lever du soleil avec gourmandises et champagne pour 3 près de Périgueux,(Durée) de vol en,,,,,,,,,pour 3,"1 349,90", €  -   ,  177 ,  -   , €  -   ,  141 ,  -   ,"0,00%"
ULM,,1440685,1h de vol en ULM au-dessus du mont Blanc et ses environs,(Durée) de vol en,,Mont Blanc,Auvergne-Rhône-Alpes,Mont Blanc,,,,1h,,"619,90", €  -   ,  53 ,  -   , €  -   ,  6 ,  -   ,"0,00%"
ULM,,1482556,1h de vol en ULM hydravion près de La Rochelle,(Durée) de vol en,,,,,,,,1h,,"189,90"," €  886,20 ",  134 ,  5 , €  -   ,  -   ,  -   ,"0,00%"
ULM,ULM multiaxes,1496237,1h de vol en ULM multiaxes entre Nancy et Strasbourg,(Durée) de vol en,,,,,,,,1h,,"259,90", €  -   ,  8 ,  -   , €  -   ,  -   ,  -   ,"0,00%"
ULM,ULM multiaxes,1496238,1h45 de vol en ULM multiaxes entre Nancy et Strasbourg,(Durée) de vol en,,,,,,,,1h45,,"399,90", €  -   ,  7 ,  -   , €  -   ,  -   ,  -   ,"0,00%"
ULM,,1344631,20 minutes de vol en ULM au-dessus du bassin d'Arcachon et du banc d'Arguin,(Durée) de vol en,,,Aquitaine - Gironde,Arcachon,,,,20 min,,"74,90"," €  436,92 ",  145 ,  6 , €  -   ,  219 ,  -   ,"0,00%"
ULM,,1489593,30 min de vol en ULM à la découverte du pays d’Yvetot,(Durée) de vol en,,,,,,,,30 min,,"169,90"," €  396,43 ",  42 ,  2 , €  -   ,  -   ,  -   ,"0,00%"
ULM,ULM pendulaire,1503581,30 min de vol en ULM pendulaire au-dessus de la baie du Mont-Saint-Michel,(Durée) de vol en,,,Normandie,Mont-Saint-Michel ,,,,30 min,,"139,90"," €  489,65 ",  94 ,  4 , €  -   ,  -   ,  -   ,"0,00%"
ULM,,590508,"30 minutes de vol en ULM pour 2 personnes, au-dessus de la Seine-et-Marne",(Durée) de vol en,,,,,,,,30 min,pour 2,"196,00"," €  2 286,67 ",  192 ,  12 ," €  163,33 ",  108 ,  1 ,"1300,00%"
ULM,Autogire,1503580,45 min de vol en ULM autogire au-dessus de la baie du Mont-Saint-Michel,(Durée) de vol en,,,Normandie,Mont-Saint-Michel ,,,,45 min,,"199,90"," €  466,43 ",  29 ,  2 , €  -   ,  -   ,  -   ,"0,00%"
ULM,,1440652,50 min de vol en ULM à la découverte du bassin d'Arcachon,(Durée) de vol en,,,Aquitaine - Gironde,Arcachon,,,,,,"184,90"," €  862,87 ",  162 ,  5 , €  -   ,  7 ,  -   ,"0,00%"
ULM,,1469098,1h de vol pédagogique en paramoteur ou pendulaire à La Réole-Floudès,(Durée) de vol en,,,,,,,,1h,,"149,90", €  -   ,  49 ,  -   , €  -   ,  -   ,  -   ,"0,00%"
Hélicoptère,paramoteur ou en pendulaire,1469099,"30 min en paramoteur ou en pendulaire sur l’Entre-deux-Mers, avec Skydream à La Réole-Floudès",(Durée) en,,,,,,,,30 min,,"199,90"," €  466,43 ",  70 ,  2 , €  -   ,  -   ,  -   ,"0,00%"
montgolfière,,1457250,1h de survol du château d'Amboise en montgolfière avec champagne pour 2,(Durée) Survol,,,,,,,,1h,pour 2,"419,90"," €  2 449,42 ",  360 ,  6 , €  -   ,  -   ,  -   ,"0,00%"
Avion,,1461181,1h de survol des châteaux de la région parisienne en famille,(Durée) Survol,,Châteaux,Paris & Île-de-France,Paris,,,,1h,en famille,"224,90", €  -   ,  89 ,  -   , €  -   ,  -   ,  -   ,"0,00%"
ULM,,1512583,Le Sud-Ouest depuis le ciel : 1h de vol en ULM trois axes près de Toulouse,(Lieu) depuis le ciel,,,Haute-Garonne,Toulouse/Sud-Ouest,,,,1h,,"149,90", €  -   ,  3 ,  -   , €  -   ,  -   ,  -   ,"0,00%"
Hélicoptère,,1505143,Saint-Nazaire et sa région depuis le ciel : 15 min de vol en hélicoptère à 2,(Lieu) depuis le ciel,,depuis le ciel,Loire-atlantique,Saint-Nazaire,,,,15 min,pour 2,"249,90", €  -   ,  8 ,  -   , €  -   ,  -   ,  -   ,"0,00%"
ULM,VL£,1407604,Vol en VL3 à la découverte de la route des vins depuis le ciel durant 1h,(Lieu) depuis le ciel,,,,,,,,1h,,"319,90"," €  1 492,87 ",  154 ,  5 , €  -   ,  112 ,  -   ,"0,00%"
montgolfière,,1505192,Les Pyrénées depuis les airs : 1h15 de vol en montgolfière pour 2 le week-end,(lieu) depuis les airs ,,,midi-pyrénées,Pyrénées,,,,1h15,pour 2,"454,90", €  -   ,  46 ,  -   , €  -   ,  -   ,  -   ,"0,00%"
Hélicoptère,,1505139,Saint-Nazaire et sa région depuis les airs : 25 min de vol en hélicoptère,(lieu) depuis les airs ,,depuis les airs,Loire-Atlantique,Saint-Nazaire,,,,25 min,,"209,90", €  -   ,  15 ,  -   , €  -   ,  -   ,  -   ,"0,00%"
Hélicoptère,,1505135,La Bretagne depuis les airs : 25 min de vol en hélicoptère,(lieu) depuis les airs ,,Depuis les airs,Bretagne,Bretagne,,,,25 min,,"209,90"," €  244,88 ",  49 ,  1 , €  -   ,  -   ,  -   ,"0,00%"
Hélicoptère,,1503568,Le Morbihan depuis les airs : 20 min de vol en hélicoptère au-dessus de Vannes et sa région,(lieu) depuis les airs ,,et sa région,Morbihan,Vannes,,,,20 min,,"184,90", €  -   ,  136 ,  -   , €  -   ,  -   ,  -   ,"0,00%"
Hélicoptère,,1503566,Vannes depuis les airs : 20 min de vol en hélicoptère au-dessus du golfe du Morbihan à 2,(lieu) depuis les airs ,,Depuis les airs,Bretagne,Bretagne/Vannes,,,golfe du Morbihan,20 min,pour 2,"328,90"," €  1 151,15 ",  93 ,  4 , €  -   ,  -   ,  -   ,"0,00%"
Hélicoptère,,1503567,Golfe du Morbihan depuis les airs : 30 min de vol panoramique en hélicoptère,(lieu) depuis les airs ,,depuis les airs,Bretagne,Golfe du Morbihan,,,,30 min,,"248,90"," €  580,77 ",  50 ,  2 , €  -   ,  -   ,  -   ,"0,00%"
Hélicoptère,,1505134,La Bretagne depuis les airs : 25 min de vol panoramique en hélicoptère,(lieu) depuis les airs ,,depuis les airs,Bretagne,Bretagne,,,,25 min,,"209,90", €  -   ,  37 ,  -   , €  -   ,  -   ,  -   ,"0,00%"
Hélicoptère,,1505148,Le Canigou depuis les nuages : 30 min de vol en hélicoptère au départ de Perpignan,(Lieu) depuis les nuages,,depuis les nuages,Pyrénées-Orientales,Canigou/Perpignan,,,,30 min,,"249,90", €  -   ,  12 ,  -   , €  -   ,  -   ,  -   ,"0,00%"
Hélicoptère,,1500392,Le Vaucluse entre ciel et terre : 20 min de vol en hélicoptère avec vidéo pour 3 personnes,(Lieu) entre ciel et terre,,entre ciel et terre,Provence-Alpes-Côte d'Azur.,Vaucluse,,avec video,,20 min,pour 3,"519,90", €  -   ,  12 ,  -   , €  -   ,  -   ,  -   ,"0,00%"
montgolfière,,1508897,Le Mont-Blanc vu du ciel : 1h de vol en montgolfière,(Lieu) vu du ciel,,,,,,,,1h,,"289,90"," €  676,43 ",  175 ,  2 , €  -   ,  -   ,  -   ,"0,00%"
Hélicoptère,,1412522,Château de Chambord vu du ciel : 1h de vol magique en hélicoptère pour 2,(lieu) vu du ciel,,Château de Chambord vu du ciel,,Château de Chambord,,,,1h,pour 2,"739,90", €  -   ,  -   ,  -   ," €  616,58 ",  466 ,  1 ,"-100,00%"
Hélicoptère,,1509082,La France vue du ciel : 30 min de vol en hélicoptère pour 2,(Lieu) vue du ciel,,vue du ciel,,France,,,,30 min,pour 2,"499,90", €  -   ,  29 ,  -   , €  -   ,  -   ,  -   ,"0,00%"
ULM,gyrocoptère,1493768,Arras vue du ciel : vol en ULM gyrocoptère de 30 min,(Lieu) vue du ciel,,,,,,,,30 min,,"129,90", €  -   ,  5 ,  -   , €  -   ,  -   ,  -   ,"0,00%"
ULM,Autogire,1503578,Baie du Mont-Saint-Michel vue du ciel : 30 min de vol en ULM autogire,(Lieu) vue du ciel,,,Normandie,Mont-Saint-Michel ,,,,30 min,,"149,90"," €  174,88 ",  27 ,  1 , €  -   ,  -   ,  -   ,"0,00%"
ULM,pendulaire,1503579,Baie du Mont-Saint-Michel vue du ciel : 45 min de vol en ULM pendulaire,(Lieu) vue du ciel,,,Normandie,Mont-Saint-Michel ,,,,45 min,,"189,90"," €  221,55 ",  49 ,  1 , €  -   ,  -   ,  -   ,"0,00%"
ULM,Autogire,1514192,La Garonne vue du ciel : 30 min de vol en ULM autogire près de Bordeaux,(Lieu) vue du ciel,,,,,,,,30 min,,"129,90", €  -   ,  4 ,  -   , €  -   ,  -   ,  -   ,"0,00%"
Avion,Avion privé ,1461180,Côte d'Azur vue du ciel : 1h de balade en avion privé pour 3 au départ de Cannes,(Lieu) vue du ciel,,Vue du ciel,,Côte d'Azur,,canne,,1h,pour 3,"258,90"," €  1 208,20 ",  269 ,  5 , €  -   ,  -   ,  -   ,"0,00%"
Hélicoptère,,1459701,Côte d'Azur vue du ciel : balade aérienne privée d'1h pour 3 personnes,(Lieu) vue du ciel,,Vue du ciel,,Côte d'Azur,,,,1h,pour 3,"242,90"," €  566,77 ",  105 ,  2 , €  -   ,  -   ,  -   ,"0,00%"
Hélicoptère,,1461213,Région toulousaine vue du ciel : balade aérienne privée d'1h pour 3 personnes,(Lieu) vue du ciel,,Vue du ciel,,Région toulousaine,,,,1h,pour 3,"216,90"," €  506,10 ",  194 ,  2 , €  -   ,  -   ,  -   ,"0,00%"
montgolfière,,1505191,Les Pyrénées vues du ciel : 1h15 de vol en montgolfière le week-end,(Lieu) vue du ciel,,,midi-pyrénées,Pyrénées,,,,1h15,,"224,90"," €  262,38 ",  61 ,  1 , €  -   ,  -   ,  -   ,"0,00%"
Hélicoptère,,1467659,Strasbourg vue du ciel : survol d'1h pour 2 personnes,(Lieu) vue du ciel,,,,,,,,1h,pour 2,"159,90"," €  2 798,25 ",  436 ,  18 , €  -   ,  -   ,  -   ,"0,00%"
Hélicoptère,,1508901,Carcassonne et sa région vues du ciel : 20 min de survol en hélicoptère en duo,(Lieu) vue du ciel,,vue du ciel,Aude,Carcassonne,,,,20 min,pour 2,"359,90", €  -   ,  25 ,  -   , €  -   ,  -   ,  -   ,"0,00%"
Hélicoptère,,1508906,Grenoble et sa région vues d'en haut : 20 minutes de survol en hélicoptère en duo,(Lieu) vue du ciel,,vues d'en haut,Auvergne-Rhône-Alpes,Grenoble,,,,20 min,pour 2,"359,90"," €  419,88 ",  26 ,  1 , €  -   ,  -   ,  -   ,"0,00%"
Hélicoptère,hélicoptère/ULM,1483662,La France vue du ciel : survol en hélicoptère de 20 min avec vidéo,(Lieu) vue du ciel,,La France vue du ciel ,,France,,avec video,,20 min,,"184,90"," €  647,15 ",  419 ,  4 , €  -   ,  -   ,  -   ,"0,00%"
Hélicoptère,,1396439,Lyon vue du ciel : survol en hélicoptère autour de la ville pour 2,(Lieu) vue du ciel,,vue du ciel,Auvergne-Rhône-Alpes,Lyon,,,,,pour 2,"399,90", €  -   ,  -   ,  -   ," €  666,50 ",  73 ,  2 ,"-100,00%"
ULM,,1489594,Les falaises d’Étretat vues du ciel : vol de 30 min en ULM pour 1 à 3 personnes,(Lieu) vue du ciel,,,,,,,,30 min,pour 1 à 3,"279,90"," €  326,55 ",  61 ,  1 , €  -   ,  -   ,  -   ,"0,00%"
Hélicoptère,,1474235,Côtes de Beaune vues du ciel : vol découverte en hélicoptère,(Lieu) vue du ciel,,vues du ciel,Côte-d'Or et de Saône-et-Loire,Côtes de Beaune,,,,,,"219,90"," €  256,55 ",  45 ,  1 , €  -   ,  45 ,  -   ,"0,00%"
Hélicoptère,,1505125,Toulouse vue du ciel : 15 min de vol panoramique en hélicoptère,(Lieu) vue du ciel,,vue du ciel ,Haute-Garonne,Toulouse,,,,15 min,,"129,90"," €  303,10 ",  40 ,  2 , €  -   ,  -   ,  -   ,"0,00%"
Hélicoptère,,1505144,Toulouse vue du ciel : 15 min de vol panoramique en hélicoptère en duo,(Lieu) vue du ciel,,vues du ciel,Haute-Garonne,Toulouse,,,,15 min,pour 2,"249,90"," €  291,55 ",  19 ,  1 , €  -   ,  -   ,  -   ,"0,00%"
Avion,Stampe SV4,1508157,Bastia vue d’en haut : baptême de l’air de 25 min avec pilotage en Stampe SV4 RS,"(Lieu) vue du ciel, Baptême de l’air",,Stampe SV4 RS,,Bastia,,avec pilotage,vue d'en haut,25 min,,"199,90", €  -   ,  29 ,  -   , €  -   ,  -   ,  -   ,"0,00%"
Avion,Stampe SV4,1506510,Biscarosse vue d’en haut : baptême de l’air de 25 min avec pilotage en Stampe SV4 RS,"(Lieu) vue du ciel, Baptême de l’air",,Stampe SV4 RS,,Biscarosse,,avec pilotage,vue d'en haut,25 min,,"199,90"," €  233,22 ",  8 ,  1 , €  -   ,  -   ,  -   ,"0,00%"
Avion,Stampe SV4,1508158,Saint-Cyr vue d’en haut : baptême de l’air de 25 min avec pilotage en Stampe SV4 RS,"(Lieu) vue du ciel, Baptême de l’air",,Stampe SV4 RS,,Saint-Cyr,,avec pilotage,vue d'en haut,25 min,,"199,90", €  -   ,  5 ,  -   , €  -   ,  -   ,  -   ,"0,00%"
Avion,Avion privé ,1461216,Le Mans et ses alentours vus du ciel : survol d'1h pour 2 personnes,(Lieu) vus du ciel,,,Sarthe,Mans,,,,1h,pour 2,"174,90"," €  204,05 ",  82 ,  1 , €  -   ,  -   ,  -   ,"0,00%"
Avion,,1403193,Balade aérienne privée à destination du mont Saint-Michel,Balade,,Mont Saint-Michel,Normandie,Mont Saint-Michel,,Destination,,,,"324,90", €  -   ,  -   ,  -   ," €  812,25 ",  93 ,  3 ,"-100,00%"
Avion,,1278483,Balade aérienne privée au-dessus des châteaux de la région parisienne,Balade,,Châteaux,Paris & Île-de-France,région parisienne,,,,,,"179,90", €  -   ,  5 ,  -   ," €  449,75 ",  187 ,  3 ,"-100,00%"
Avion,Avion privé ,1456447,Balade aérienne privée d'1h pour 2 au-dessus du bassin d'Arcachon,Balade,,,Aquitaine - Gironde,Arcachon,,,,1h,pour 2,"179,90"," €  4 617,43 ",  582 ,  26 ," €  3 598,00 ",  606 ,  20 ,"28,33%"
Avion,,1424699,Balade aérienne privée d’1h avec service Premium aux alentours du Mans,Balade,,,Sarthe,Mans,,Service Premium,,,,"219,90", €  -   ,  4 ,  -   , €  -   ,  33 ,  -   ,"0,00%"
Avion,Avion privé ,1461215,Balade d’1h en avion privé pour 3 à Besançon et ses alentours,Balade,,,Franche-Comté,Besançon,,,,1h,pour 3,"234,90"," €  548,10 ",  78 ,  2 , €  -   ,  -   ,  -   ,"0,00%"
Avion,Avion privé ,1403107,Balade d’1h30 en avion à la découverte des Pyrénées depuis Toulouse en duo,Balade,,,midi-pyrénées,Pyrénées - Toulouse,,depuis Toulouse,,1h30,pour 2,"299,90", €  -   ,  -   ,  -   ," €  499,83 ",  61 ,  2 ,"-100,00%"
Avion,Avion privé ,1278484,Balade en avion pour 2 avec pilote privé en région parisienne,Balade,,,Paris & Île-de-France,région parisienne,,pilote privé,,,pour 2,"249,90", €  -   ,  1 ,  -   ," €  208,25 ",  133 ,  1 ,"-100,00%"
Avion,Avion privé ,1278489,Balade en avion privé dans les environs du Mans pour 2 personnes (1h),Balade,,,Sarthe,Mans,,,,1h,pour 2,"219,90", €  -   ,  4 ,  -   ," €  183,25 ",  175 ,  1 ,"-100,00%"
Hélicoptère,,1456448,Balade aérienne d'1h pour 2 à la découverte de la région toulousaine,Balade,,,,région toulousaine,,,,1h,pour 2,"179,90"," €  1 679,07 ",  578 ,  9 ," €  1 199,33 ",  276 ,  7 ,"40,00%"
Hélicoptère,,1467650,Balade aérienne de 45 min sur la côte méditerranéenne à Montpellier,Balade,,,,côte méditerranéenne,,à Montpellier,,45 min,,"179,90"," €  1 049,42 ",  120 ,  6 , €  -   ,  -   ,  -   ,"0,00%"
Hélicoptère,,1508688,Balade aérienne en amoureux : 20 min en hélicoptère avec vidéo,Balade,,en amoureux,,,,avec video,,20 min,pour 2 - Amoureux,"359,90"," €  419,88 ",  410 ,  1 , €  -   ,  -   ,  -   ,"0,00%"
Hélicoptère,,1461217,Balade aérienne privée d'1h aux alentours du Mans pour 3,Balade,,,Sarthe,Mans,,,,1h,pour 3,"216,90"," €  253,05 ",  52 ,  1 , €  -   ,  -   ,  -   ,"0,00%"
Hélicoptère,,1456445,Balade aérienne privée des plages du débarquement,Balade,,Plages du débarquement,,plages du débarquement,,,,,,"149,90"," €  3 672,55 ",  645 ,  25 ," €  4 247,17 ",  703 ,  28 ,"-13,53%"
Hélicoptère,,1456442,Balade aérienne privée pour découvrir à 2 les châteaux de la région parisienne,Balade,,Châteaux,Paris & Île-de-France,région parisienne,,,,,pour 2,"184,90"," €  431,43 ",  153 ,  2 ," €  924,50 ",  177 ,  5 ,"-53,33%"
Hélicoptère,,1431611,Balade de 20 min en hélicoptère  au-dessus de la baie du Mont-Saint-Michel,Balade,,la baie du Mont-Saint-Michel,Normandie,Mont-Saint-Michel,,,,20 min,,"129,90"," €  5 304,25 ",  1 545 ,  41 ," €  216,50 ",  216 ,  2 ,"2350,00%"
Hélicoptère,,1508908,Balade en hélicoptère de 20 minutes à 2 au-dessus de l'ouest lyonnais,Balade,,,Auvergne-Rhône-Alpes,Lyon,,,,20 min,pour 2,"359,90", €  -   ,  27 ,  -   , €  -   ,  -   ,  -   ,"0,00%"
Hélicoptère,,1483673,Balade en hélicoptère de 20 minutes au-dessus de l'ouest lyonnais,Balade,,,Auvergne-Rhône-Alpes,Lyon,,,,20 min,pour 1,"184,90"," €  431,43 ",  78 ,  2 , €  -   ,  -   ,  -   ,"0,00%"
Hélicoptère,,1513423,Châteaux vus du ciel : 20 min de balade en hélicoptère au sud de Paris,Balade,,Châteaux,Paris & Île-de-France,Paris,,,,20 min,,"149,90"," €  699,53 ",  308 ,  5 , €  -   ,  12 ,  -   ,"0,00%"
montgolfière,,1457249,Balade inoubliable en montgolfière au-dessus du château d’Amboise,Balade,,,,,,,,,,"209,90"," €  244,88 ",  2 045 ,  1 ," €  174,92 ",  317 ,  1 ,"40,00%"
Hélicoptère,,1505121,Balade dans les airs au-dessus de la Bretagne avec 15 min de vol en hélicoptère,Balade,,Balade dans les airs en hélicoptère,Bretagne,Bretagne,,,,,,"129,90", €  -   ,  25 ,  -   , €  -   ,  -   ,  -   ,"0,00%"
Hélicoptère,,1508913,Balade dans les airs en duo : vol en hélicoptère de 20 min au-dessus de Sète,Balade,,Balade dans les airs en hélicoptère,Hérault,Sète,,,,20 min,pour 2,"359,90", €  -   ,  50 ,  -   , €  -   ,  -   ,  -   ,"0,00%"
Hélicoptère,,1500389,Balade en altitude : 20 min de vol en hélicoptère au départ d'Avignon,Balade,,Balade en altitude ,Vaucluse,Avignon,,,,20 min,,"199,90", €  -   ,  14 ,  -   , €  -   ,  -   ,  -   ,"0,00%"
Hélicoptère,,1488245,Balade en altitude : 20 min de vol en hélicoptère au départ de Valensole,Balade,,Balade en altitude ,Alpes-de-Haute-Provence,Valensole,,,,20 min,,"184,90", €  -   ,  26 ,  -   , €  -   ,  -   ,  -   ,"0,00%"
ULM,Autogire,1514193,Balade aérienne près de Bordeaux : 45 min de vol en ULM autogire au-dessus de la Garonne,Balade,,,,,,,,45 min,,"169,90", €  -   ,  3 ,  -   , €  -   ,  -   ,  -   ,"0,00%"
montgolfière,,1650,EMBARQUEZ À 2 DANS LE BALLON GENERALI AU-DESSUS DE PARIS,BALLON GENERALI ,,,Paris & Île-de-France,Paris,,,,,pour 2,"29,90"," €  3 941,82 ",  2 884 ,  132 ," €  2 043,17 ",  1 546 ,  68 ,"92,93%"
Hélicoptère,paramoteur ou en pendulaire,1470373,Baptème de l'air en paramoteur ou pendulaire de 30 min pour 1 personne en Gironde,Baptème de l'air,,,,,,,,30 min,pour 1,"99,90"," €  233,10 ",  145 ,  2 , €  -   ,  -   ,  -   ,"0,00%"
ULM,Autogire,1385305,Baptême de l'air inoubliable en autogire à Aigues-Mortes,Baptême de l'air,,autogire,,Aigues-Mortes,,inoubliable,,,,"179,90", €  -   ,  80 ,  -   ," €  299,83 ",  92 ,  2 ,"-100,00%"
ULM,Shark,1516660,Baptême de l'air en Bretagne : 30 min de vol en avion Shark au-dessus de la baie de Morlaix,Baptême de l'air,,Shark,,Bretagne,,baie de Morlaix,,30 min,,"239,90", €  -   ,  3 ,  -   , €  -   ,  -   ,  -   ,"0,00%"
ULM,WT9,1516661,Baptême de l'air en Bretagne : 45 min de vol en avion WT9 au-dessus de Bréhat,Baptême de l'air,,WT9,,Bretagne,,Bréhat,,45 min,,"159,90", €  -   ,  4 ,  -   , €  -   ,  -   ,  -   ,"0,00%"
Hélicoptère,,1396420,Baptême d'initiation en hélicoptère dans l'Essonne,Baptême de l'air ,,,,Essonne,,,,,,"164,90"," €  769,53 ",  241 ,  5 ," €  687,08 ",  241 ,  4 ,"12,00%"
Hélicoptère,,1411931,Baptême de l'air en hélicoptère dans le Centre-Val de Loire,Baptême de l'air ,,,Centre-Val de Loire,Centre-Val de Loire,,,,,,"39,90"," €  46,55 ",  393 ,  1 ," €  465,50 ",  1 140 ,  12 ,"-90,00%"
Hélicoptère,,1358326,Baptême de l'air en hélicoptère en duo dans la région des châteaux de la Loire,Baptême de l'air ,,Châteaux,Centre-Val de Loire,Château de la loire,,,,,pour 2,"164,90"," €  5 386,73 ",  1 541 ,  33 ," €  2 198,67 ",  953 ,  13 ,"145,00%"
Hélicoptère,,1411935,Baptême de l'air en hélicoptère en duo en Indre-et-Loire,Baptême de l'air ,,,Indre-et-Loire,Indre-et-Loire,,,,,pour 2,"77,90"," €  8 270,38 ",  10 990 ,  106 ," €  2 207,17 ",  2 015 ,  28 ,"274,71%"
ULM,Shark,1414116,Baptême de l'air d'1h10 en Shark UL du Havre à la Baie de Somme,Baptême de l'air ,,Shark UL,,Havre,,,Baie de Somme,1h10,,"349,90", €  -   ,  30 ,  -   , €  -   ,  42 ,  -   ,"0,00%"
ULM,Shark,1414129,Baptême de l'air d’1h15 en Shark UL du Havre jusqu'au Mont-Saint-Michel,Baptême de l'air ,,Shark UL,Normandie,Mont-Saint-Michel / havre,,Mont-Saint-Michel,,1h15,,"399,90", €  -   ,  140 ,  -   ," €  666,50 ",  903 ,  2 ,"-100,00%"
ULM,Shark,1414108,Baptême de l'air de 35 minutes en Shark UL au-dessus des ponts de Normandie,Baptême de l'air ,,Shark UL,,Normandie,,,au-dessus des ponts de Normandie,35 min,,"219,90", €  -   ,  45 ,  -   , €  -   ,  126 ,  -   ,"0,00%"
ULM,Autogire,1436359,Baptême de l'air en autogire de 20 min dans le Cantal,Baptême de l'air ,,autogire,,Cantal,,,,20 min,,"84,90"," €  198,10 ",  181 ,  2 , €  -   ,  9 ,  -   ,"0,00%"
ULM,Shark,1344723,Baptême de l'air en Shark UL au-dessus des falaises d'Étretat avec vidéo souvenir du vol,Baptême de l'air ,,Shark UL,,falaises d'Étretat,,avec video,,,,"279,90"," €  326,55 ",  104 ,  1 ," €  1 166,25 ",  339 ,  4 ,"-72,00%"
ULM,,1401202,Baptême de l'air en ULM d'1h10 en Corrèze,Baptême de l'air ,,,,,,,,1h10,,"159,90"," €  559,65 ",  65 ,  4 , €  -   ,  248 ,  -   ,"0,00%"
ULM,,1443426,Baptême de l'air en ULM de 20 min depuis l'aérodrome de Persan-Beaumont,Baptême de l'air ,,,,,,,,20 min,,"99,90"," €  466,20 ",  202 ,  5 , €  -   ,  -   ,  -   ,"0,00%"
ULM,,1268708,Baptême de l'air en ULM pendulaire ou multiaxes avec vidéo du vol dans les environs de Paris,Baptême de l'air ,,,Paris & Île-de-France,Paris,,avec video,,,,"89,90"," €  4 824,63 ",  806 ,  54 ," €  1 872,92 ",  612 ,  21 ,"157,60%"
ULM,ULM pendulaire,1396415,Baptême de l'air en ULM pendulaire pour 4 en Bourgogne,Baptême de l'air ,,,,,,,,,pour 4,"199,90", €  -   ,  65 ,  -   ," €  499,75 ",  165 ,  3 ,"-100,00%"
ULM,,1385292,Baptême de l'air fantastique en ULM sur le circuit du pont du Gard,Baptême de l'air ,,,,,,,,,,"79,90"," €  5 220,13 ",  1 415 ,  65 ," €  665,83 ",  319 ,  8 ,"684,00%"
ULM,,1401207,Baptême de l'air sensationnel à bord d'un ULM en Corrèze,Baptême de l'air ,,,,,,,,,,"89,90"," €  314,65 ",  301 ,  4 ," €  224,75 ",  136 ,  3 ,"40,00%"
ULM,Shark,1414114,Baptême de l’air de 35 minutes en Shark UL au-dessus des plages du débarquement,Baptême de l'air ,,Shark UL,,plages du débarquement,,,,35 min,,"219,90", €  -   ,  68 ,  -   ," €  183,25 ",  71 ,  1 ,"-100,00%"
ULM,Shark,1344945,Baptême de l’air en Shark UL au-dessus des plages du débarquement avec vidéo souvenir,Baptême de l'air ,,Shark UL,,plages du débarquement,,avec video,,,,"279,90", €  -   ,  132 ,  -   ," €  233,25 ",  176 ,  1 ,"-100,00%"
ULM,,1500402,Baptême de l’air en ULM : découverte du Médoc par les airs,Baptême de l'air ,,,,Médoc,,,découverte par les airs,,,"59,90", €  -   ,  38 ,  -   , €  -   ,  -   ,  -   ,"0,00%"
ULM,,1385294,Baptême de l’air en ULM de 30 minutes sur le circuit Pont du Gard et Gorges du Gardon,Baptême de l'air ,,,,Pont du Gard/ Gorges du Gardon,,,circuit Pont du Gard et Gorges du Gardon,30 min,,"99,90"," €  2 797,20 ",  495 ,  28 ," €  1 581,75 ",  419 ,  16 ,"76,84%"
ULM,gyrocoptère,1489592,Baptême de l’air en ULM Gyrocoptère : 30 min de vol au-dessus de Lille et ses environs,Baptême de l'air ,,Gyrocoptère,Nord-Pas-de-Calais,Lille,,,au-dessus de Lille et ses environs,30 min,,"129,90"," €  606,20 ",  132 ,  5 , €  -   ,  -   ,  -   ,"0,00%"
ULM,gyrocoptère,1493769,Baptême de l’air en ULM gyrocoptère : vol de 30 min à Lens,Baptême de l'air ,,Gyrocoptère,,Lens,,,,30 min,,"129,90", €  -   ,  7 ,  -   , €  -   ,  -   ,  -   ,"0,00%"
ULM,,1512582,Baptême de l’air en ULM trois axes de 30 min près de Toulouse,Baptême de l'air ,,trois axes,,Toulouse,,,,30 min,,"87,90", €  -   ,  5 ,  -   , €  -   ,  -   ,  -   ,"0,00%"
ULM,,1496246,Baptême de l’air en ULM vintage : 20 min de vol au-dessus de Paris et sa région,Baptême de l'air ,,Vintage,Paris & Île-de-France,Paris,,,au-dessus de Paris et sa région,20 min,,"159,90", €  -   ,  20 ,  -   , €  -   ,  -   ,  -   ,"0,00%"
ULM,,1481158,30 min de baptême de l'air en ULM avec initiation au pilotage au sud de Bordeaux,Baptême de l'air / Initiation au pilotage,,,,,,,,30 min,,"99,90"," €  1 748,25 ",  285 ,  18 , €  -   ,  -   ,  -   ,"0,00%"
ULM,,1347180,Baptême de l'air en ULM d'1h et initiation au pilotage lors de 1 vol de 30 min en Charente,Baptême de l'air / Initiation au pilotage,,,,,,,,30 min,,"234,90"," €  274,05 ",  109 ,  1 ," €  587,25 ",  581 ,  3 ,"-53,33%"
Avion,Avion privé ,558029,Baptême de l’air en avion au-dessus du littoral de la Côte d’Opale pendant 20 minutes,Baptême de l’air,,,Nord-Pas-de-Calais,Côte d’Opale,,,au-dessus du littoral,20 min,,"49,50"," €  5 024,25 ",  1 694 ,  102 ," €  1 815,00 ",  875 ,  37 ,"176,82%"
Avion,,1279123,Baptême de l’air et vidéo au-dessus des villages typiques du Mont-Ventoux,Baptême de l’air,,en avion,,Mont-Ventoux,,avec video,au-dessus des villages typiques,,,"148,90"," €  173,72 ",  76 ,  1 ," €  496,33 ",  123 ,  3 ,"-65,00%"
Avion,Avion privé ,558031,Profitez d’un baptême de l’air en avion au-dessus de la Côte d’Opale depuis Le Touquet,Baptême de l’air,,,Nord-Pas-de-Calais,Côte d’Opale,,,depuis Le Touquet,,,"59,00"," €  6 952,17 ",  3 123 ,  118 ," €  2 556,67 ",  1 516 ,  43 ,"171,92%"
Avion,Stampe SV4,1508159,Baptême de l’air de 25 min avec pilotage en Stampe SV4 RS près de Reims,Baptême de l’air,,Stampe SV4 RS,,Reims,,avec pilotage,,25 min,,"199,90", €  -   ,  7 ,  -   , €  -   ,  -   ,  -   ,"0,00%"
Hélicoptère,,1412484,Baptême de l’air en hélicoptère en Touraine,Baptême de l’air,,,Inde-et-loire,Touraine,,,,,,"84,90", €  -   ,  -   ,  -   ," €  990,50 ",  1 518 ,  12 ,"-100,00%"
ULM,,1400016,Baptême de 45 minutes en ULM avec survol de la Loire,Baptême de l’air,,,,,,,,45 min,,"139,90"," €  652,87 ",  229 ,  5 ," €  349,75 ",  295 ,  3 ,"86,67%"
ULM,,1509081,Baptême de l'air à bord d'un ULM en France,Baptême de l’air,,,,,,,,,,"199,90"," €  699,65 ",  175 ,  4 , €  -   ,  -   ,  -   ,"0,00%"
ULM,,1268705,Baptême de l'air aux côtés d'un pilote d'ULM Paris et vidéo du vol,Baptême de l’air,,,Paris & Île-de-France,Paris,,avec video,,,,"149,90"," €  349,77 ",  125 ,  2 ," €  1 623,92 ",  587 ,  11 ,"-78,46%"
ULM,,1443427,Baptême de l'air en ULM : 30 min de vol au-dessus de Paris et ses environs,Baptême de l’air,,,Paris & Île-de-France,Paris,,,,30 min,,"99,90"," €  1 631,70 ",  337 ,  16 , €  -   ,  -   ,  -   ,"0,00%"
ULM,,1279121,Baptême de l'air en ULM avec instructeur en Provence et vidéo du vol,Baptême de l’air,,,,,,avec video,,,,"98,90"," €  576,92 ",  236 ,  6 ," €  329,67 ",  409 ,  3 ,"75,00%"
Hélicoptère,,1382592,Baptême mémorable de 30 minutes en hélicoptère près de Dijon,Baptême de l’air,,Baptême mémorable,Côte-d'Or,Dijon,,,,30 min,,"209,90", €  -   ,  79 ,  -   ," €  174,92 ",  120 ,  1 ,"-100,00%"
ULM,,1344628,Baptême de vol de 15 minutes en ULM au-dessus de la dune du Pilat,Baptême de vol ,,,,,,,,,,"59,90"," €  838,60 ",  510 ,  14 ," €  1 647,25 ",  502 ,  28 ,"-49,09%"
ULM,ULM pendulaire ou multiaxes,1451098,Vol baptême en ULM pendulaire ou multiaxes de 15 min depuis Bernes-sur-Oise,Baptême de vol ,,,,,,,,,,"79,90"," €  279,65 ",  123 ,  4 , €  -   ,  -   ,  -   ,"0,00%"
ULM,,1344626,Baptême de vol en ULM de 15 min au-dessus du bassin d'Arcachon,Baptême de vol ,,,Aquitaine - Gironde,Arcachon,,,,,,"49,90", €  -   ,  -   ,  -   ," €  415,83 ",  297 ,  8 ,"-100,00%"
ULM,,2060,BAPTÊME EN ULM,Baptême en,,,,,,,,,,"49,90"," €  18 454,68 ",  6 742 ,  370 ," €  21 872,83 ",  13 124 ,  438 ,"-15,63%"
ULM,,1458804,BAPTÊME EN ULM,Baptême en,,,,,,,,,,"54,90"," €  384,30 ",  314 ,  7 , €  -   ,  -   ,  -   ,"0,00%"
ULM,,1402190,Baptême inoubliable en ULM dans les hautes montagnes de Savoie,Baptême inoubliable,,,Auvergne-Rhône-Alpes,Savoie,,,,,,"499,90", €  -   ,  -   ,  -   , €  -   ,  83 ,  -   ,"0,00%"
Hélicoptère,Hélicoptère bimoteur,1342597,Découverte des châteaux de la Loire et de leurs jardins en hélicoptère pendant 20 min,Découverte (lieu),,Châteaux,Centre-Val de Loire,Château de la loire,,,,20 min,,"169,90"," €  594,65 ",  153 ,  4 ," €  283,17 ",  600 ,  2 ,"110,00%"
Hélicoptère,,1462149,Découverte du fort Boyard en hélicoptère pour 1 amateur de vol,Découverte (lieu),,,charente-maritime,fort Boyard,,,amateur de vol,,pour 1,"89,90"," €  419,53 ",  140 ,  5 ," €  2 022,75 ",  891 ,  23 ,"-79,26%"
Hélicoptère,,1342603,"Découverte de 20 min en hélicoptère des châteaux de la Loire et leurs jardins, pour 2 personnes",Découverte (lieu),,Châteaux,Centre-Val de Loire,Château de la loire,,,,20 min,pour 2,"337,90", €  -   ,  50 ,  -   ," €  563,17 ",  114 ,  2 ,"-100,00%"
Hélicoptère,,1467667,Découverte de Chalon-sur-Saîne et ses environs durant 10 min en hélicoptère,Découverte (lieu),,,Saône-et-Loire,Chalon-sur-Saône,,,,10 min,,"79,90"," €  93,22 ",  61 ,  1 , €  -   ,  -   ,  -   ,"0,00%"
ULM,ULM hélicoptère,1440644,Découverte du mont Blanc en duo : 1h de vol en ULM hélicoptère,Découverte (lieu),,Mont Blanc,Auvergne-Rhône-Alpes,mont Blanc ,,,,1h,pour 2,"1 147,90"," €  1 339,22 ",  139 ,  1 , €  -   ,  7 ,  -   ,"0,00%"
Avion,Avion privé ,1265193,Excursion au dessus des Châteaux de la Loire en avion privé,Excursion,,Châteaux,Centre-Val de Loire,Château de la loire,,,,,,"372,90", €  -   ,  -   ,  -   ," €  310,75 ",  150 ,  1 ,"-100,00%"
Avion,Avion privé ,1278488,Excursion en Côte d'Azur en avion privé pour 2 (1h30),Excursion,,,Provence-Alpes-Côte d'Azur,Côte d'Azur,,,,1h30,pour 2,"372,90", €  -   ,  -   ,  -   ," €  621,50 ",  158 ,  2 ,"-100,00%"
Avion,Avion privé ,1402347,Excursion magique de Paris à Deauville en avion privé,Excursion,,,Paris & Île-de-France,Paris-Deauville,,Magique,,,,"529,90", €  -   ,  -   ,  -   ," €  441,58 ",  92 ,  1 ,"-100,00%"
Hélicoptère,,1508904,Excursion aérienne de 20 minutes en hélicoptère pour 2 près de Bordeaux,Excursion,,,Gironde,Bordeaux,,,,20 min,pour 2,"359,90", €  -   ,  31 ,  -   , €  -   ,  -   ,  -   ,"0,00%"
Hélicoptère,,1483676,Excursion aérienne de 20 minutes en hélicoptère près de Bordeaux,Excursion,,,Gironde,Bordeaux,,,,20 min,pour 1,"184,90", €  -   ,  31 ,  -   , €  -   ,  -   ,  -   ,"0,00%"
montgolfière,,1358574,Expérience vol en montgolfière et dégustation pour un duo en Cerdagne,Expérience vol,,,,,,,,,pour 2,"489,90"," €  16 574,95 ",  1 181 ,  34 ," €  6 123,75 ",  1 206 ,  13 ,"170,67%"
Hélicoptère,,1462146,Vol d'initiation au pilotage d'hélicoptère à Chalon-sur-Saône,Initiation,,,,,,,,,,"295,90", €  -   ,  120 ,  -   , €  -   ,  153 ,  -   ,"0,00%"
ULM,Autogire,590372,Initiation à l’autogire au-dessus des terres de Rhône-Alpes pour 3 personnes,Initiation,,Initiation,,Rhône-Alpes,,,,,pour 3,"315,00", €  -   ,  22 ,  -   ," €  262,50 ",  458 ,  1 ,"-100,00%"
Avion,,1397526,Initiation au pilotage d'avion lors d'1 vol découverte près de Lille,Initiation,,,Nord-Pas-de-Calais,Lille,,,,,,"99,90"," €  6 993,00 ",  1 793 ,  70 ," €  2 331,00 ",  908 ,  23 ,"200,00%"
Avion,Avion élètrique,1483705,20 min d'initiation au pilotage à bord d'un avion électrique près de Brest,Initiation,,,,,,,,20 min,,"99,90"," €  1 282,05 ",  280 ,  13 , €  -   ,  -   ,  -   ,"0,00%"
Hélicoptère,,1474228,Initiation au pilotage d'un hélicoptère autour de Grenoble,Initiation,,,Auvergne-Rhône-Alpes,Grenoble,,,,,,"279,90"," €  979,65 ",  168 ,  4 ," €  1 166,25 ",  230 ,  4 ,"-16,00%"
Hélicoptère,,1412504,Initiation sensationnelle au pilotage d'un hélicoptère en Touraine,Initiation,,sensationnelle,Indre-et-Loire,Touraine,,,,,,"409,90", €  -   ,  -   ,  -   , €  -   ,  175 ,  -   ,"0,00%"
Hélicoptère,,1398304,Vol d'initiation au pilotage d'un hélicoptère au-dessus de Grenoble et ses environs pour 2,Initiation,,Initiation,Auvergne-Rhône-Alpes,Grenoble,,,,,pour 2,"459,90"," €  536,55 ",  151 ,  1 , €  -   ,  158 ,  -   ,"0,00%"
Hélicoptère,,1467666,Vol d'initiation au pilotage d'un hélicoptère de 20 min à Chalon-sur-Saône,Initiation,,,Saône-et-Loire,Chalon-sur-Saône,,,,20 min,,"274,90", €  -   ,  80 ,  -   , €  -   ,  -   ,  -   ,"0,00%"
Hélicoptère,,1344584,Vol d’initiation en hélicoptère pour 3 avec 1 personne aux commandes et 2 accompagnateurs,Initiation,,,,,,,,,pour 3 (1 personne au commande),"179,90"," €  1 679,07 ",  847 ,  9 ," €  599,67 ",  1 254 ,  3 ,"180,00%"
Hélicoptère,,1382597,Vol d’initiation inoubliable en hélicoptère de 30 minutes en Côte-d'Or,Initiation,inoubliable,Inoubliables,Côte-d'Or,Côte-d'Or,,,,30 min,,"219,90"," €  256,55 ",  151 ,  1 , €  -   ,  211 ,  -   ,"0,00%"
Avion,Avion privé ,590538,Leçon de pilotage aux commandes d'un avion de tourisme aux Milles dans les Bouches-du-Rhône,Leçon de pilotage,,,,,,,,,,"142,00"," €  2 485,00 ",  618 ,  18 ," €  828,33 ",  540 ,  6 ,"200,00%"
montgolfière,,1457247,Aventure incroyable en montgolfière au-dessus de la Sarthe,montgolfière,,,,,,,,,,"229,90", €  -   ,  383 ,  -   ," €  383,17 ",  111 ,  2 ,"-100,00%"
montgolfière,,1505190,Montgolfière en duo : 1h15 de vol au-dessus des Pyrénées en semaine,montgolfière,,,midi-pyrénées,Pyrénées,,,,1h15,pour 2,"374,90"," €  874,77 ",  49 ,  2 , €  -   ,  -   ,  -   ,"0,00%"
montgolfière,,1473296,"Montgolfière en famille : vol d’1h30 avec toast, vidéos et photos près d’Arras",montgolfière,,,,,,avec video/photos,,,en famille,"489,90", €  -   ,  52 ,  -   , €  -   ,  -   ,  -   ,"0,00%"
montgolfière,,1173026,Montgolfière et Bulles en Duo,montgolfière,,,,,,,,,pour 2,"359,90", €  -   ,  -   ,  -   ," €  899,75 ",  611 ,  3 ,"-100,00%"
Avion,,1131370,Pilotage dans les airs,Pilotage dans les airs,,?,,?,,,?,,,"189,90"," €  17 724,00 ",  3 499 ,  93 ," €  5 380,50 ",  1 870 ,  28 ,"229,41%"
avion de chasse,,1409996,Pilote d'un jour en Californie : vol de 40 minutes en jet militaire L-39 Albatros,Pilote d'un jour,,,,,,,,,,"3 373,90", €  -   ,  80 ,  -   , €  -   ,  81 ,  -   ,"0,00%"
avion de chasse,,1409998,Pilote d'un jour en Floride : vol de 30 minutes sur un jet militaire L-39 Albatros,Pilote d'un jour,,,,,,,,30 min,,"2 868,90", €  -   ,  374 ,  -   , €  -   ,  469 ,  -   ,"0,00%"
avion de chasse,,1410001,Pilote d'un jour à Riga : vol de 25 min dans un avion de chasse militaire L-39 Albatros,Pilote d'un jour,,L-39 Albatros,,Riga,,militaire,,25 min,,"2 007,90", €  -   ,  1 409 ,  -   , €  -   ,  1 047 ,  -   ,"0,00%"
avion de chasse,,1409999,Pilote d'un jour à Riga : vol de 35 min dans un avion de chasse militaire L-39 Albatros,Pilote d'un jour,,L-39 Albatros,,Riga,,militaire,,35 min,,"2 861,90", €  -   ,  202 ,  -   , €  -   ,  296 ,  -   ,"0,00%"
avion de chasse,,1409997,Pilote d’1 jour en République tchèque : vol de 20 minutes en avion de chasse MIG-15,Pilote d'un jour,,MIG-15,,République tchèque,,,,20 min,,"3 010,90", €  -   ,  127 ,  -   , €  -   ,  159 ,  -   ,"0,00%"
avion de chasse,,1443476,Pilote d'un jour en Allemagne : formation et vol en avion de chasse L-39 Albatros,Pilote d'un jour,,,,,,,,,,"2 921,90", €  -   ,  175 ,  -   , €  -   ,  336 ,  -   ,"0,00%"
Hélicoptère,,1461199,Promenade à deux dans les airs : 15 min de vol en hélicoptère près de Tours,Promenade,,,Centre-Val de Loire,Tours,,,,15 min,,"179,90"," €  629,65 ",  175 ,  4 , €  -   ,  -   ,  -   ,"0,00%"
Hélicoptère,,1483667,Promenade dans les airs : 20 min de vol en hélicoptère au départ de Mâcon,Promenade,,,Saône-et-Loire,Mâcon,,,,20 min,pour 1,"184,90", €  -   ,  34 ,  -   , €  -   ,  -   ,  -   ,"0,00%"
Hélicoptère,,1483674,Promenade dans les airs : 20 min de vol en hélicoptère au départ de Saint-Étienne,Promenade,,,Loire,Saint-Étienne,,,,20 min,,"184,90"," €  215,72 ",  27 ,  1 , €  -   ,  -   ,  -   ,"0,00%"
Hélicoptère,,1508905,Promenade dans les airs : 20 min de vol en hélicoptère pour 2 au départ de Mâcon,Promenade,,,Saône-et-Loire,Mâcon,,,,20 min,pour 2,"359,90", €  -   ,  23 ,  -   , €  -   ,  -   ,  -   ,"0,00%"
Hélicoptère,,1508915,Promenade dans les airs : 20 min de vol en hélicoptère pour 2 au départ de Saint-Étienne,Promenade,,,Loire,Saint-Étienne,,,,20 min,pour 2,"359,90", €  -   ,  30 ,  -   , €  -   ,  -   ,  -   ,"0,00%"
Hélicoptère,,1488243,Promenade dans les airs au départ de Hyères : 20 min de vol en hélicoptère,Promenade,,,Provence-Alpes-Côte d'Azur,Hyères,,,,20 min,,"184,90"," €  862,87 ",  80 ,  5 , €  -   ,  -   ,  -   ,"0,00%"
Hélicoptère,,1505120,Promenade dans les airs au-dessus de la Bretagne avec 15 min de vol en hélicoptère,Promenade,,,Bretagne,Bretagne,,,,15 min,,"129,90"," €  151,55 ",  40 ,  1 , €  -   ,  -   ,  -   ,"0,00%"
Hélicoptère,,1505142,Promenade dans les airs près de Dinan avec 15 min de vol en hélicoptère pour 2,Promenade,,,Bretagne,Dinan,,,,15 min,pour 2,"249,90", €  -   ,  18 ,  -   , €  -   ,  -   ,  -   ,"0,00%"
Hélicoptère,,1483693,Promenade dans les airs en famille : 20 min de survol en hélicoptère avec vidéo,Promenade,,Promenade dans les airs en famille,,France,,avec video,,20 min,"en famille, 3 personnes","489,90", €  -   ,  76 ,  -   , €  -   ,  -   ,  -   ,"0,00%"
Hélicoptère,,1458512,Promenade originale d'1h en dirigeable au-dessus de Tours ou du château de Chenonceau,Promenade originale,,,,,,,,1h,,"289,90"," €  1 352,87 ",  907 ,  5 , €  -   ,  -   ,  -   ,"0,00%"
simulateur de chute libre,,1157077,4 vols en simulateur de chute libre pour 2 personnes à Labège,simulateur de chute libre,,,,,,,,,pour 2,"299,90", €  -   ,  -   ,  -   , €  -   ,  15 ,  -   ,"0,00%"
Simulateur de vol,,1136593,Simulateur de vol,Simulateur de vol,,,,,,,,,,"99,90"," €  3 379,95 ",  1 132 ,  34 ," €  1 914,75 ",  919 ,  19 ,"76,52%"
montgolfière,,1457248,Survol de la Sarthe en montgolfière pour un duo,Survol,,,,,,,,,pour 2,"449,90"," €  524,88 ",  154 ,  1 , €  -   ,  -   ,  -   ,"0,00%"
Avion,,1321902,Survol des plages du débarquement pour 2 avec pilote privé (45 min),Survol,,,,Plages du débarquement,,,,45 min,pour 2,"176,90", €  -   ,  33 ,  -   ," €  8 107,92 ",  1 451 ,  46 ,"-100,00%"
Avion,,1456446,Survol privé d'1h30 du mont Saint-Michel et de la Normandie pour 2,Survol,,,Normandie,Mont Saint-Michel,,,,1h30,pour 2,"264,90"," €  11 434,85 ",  944 ,  43 ," €  3 752,75 ",  664 ,  14 ,"204,71%"
Avion,,1456444,Survol privé de la Côte d’Azur d’1h pour 2,Survol,,,,,,,,1h,pour 2,"205,90", €  -   ,  235 ,  -   ," €  6 177,00 ",  1 077 ,  30 ,"-100,00%"
Hélicoptère,,1461178,1h de survol de Lyon et ses alentours pour 2,Survol,,,,,,,,1h,pour 2,"207,90"," €  2 425,50 ",  315 ,  12 , €  -   ,  -   ,  -   ,"0,00%"
Hélicoptère,Avion privé ,1461214,Survol privé au-dessus de Besançon et ses alentours pour 2,Survol,,,Franche-Comté,Besançon,,,,,pour 2,"192,90"," €  450,10 ",  61 ,  2 , €  -   ,  -   ,  -   ,"0,00%"
Hélicoptère,Avion privé ,1459700,Survol privé au-dessus des Pyrénées et des Gorges de l’Aveyron pour 2,Survol,,,midi-pyrénées,Pyrénées - Gorges de l’Aveyron,,,,,pour 2,"219,90"," €  1 026,20 ",  123 ,  5 , €  -   ,  -   ,  -   ,"0,00%"
Avion,Avion privé ,1321906,Survol de la côte marseillaise en avion privé pour 2 (1h),Survol,,,Provence-Alpes-Côte d'Azur,Marseille,,,,1h,pour 2,"239,90", €  -   ,  -   ,  -   ," €  599,75 ",  138 ,  3 ,"-100,00%"
Hélicoptère,,1342130,20 minutes de survol du Mont-Blanc en hélicoptère depuis les Arcs 1950,Survol,,,Haute-Savoie,Mont-Blanc,,,depuis les Arcs 1950,20 min,,"179,90", €  -   ,  350 ,  -   ," €  1 349,25 ",  798 ,  8 ,"-100,00%"
Hélicoptère,,1474219,30 minutes de survol du mont Blanc en hélicoptère pour 2,Survol,,Mont Blanc,Auvergne-Rhône-Alpes,Mont Blanc,,,,30 min,pour 2,"399,90"," €  9 331,00 ",  537 ,  23 ," €  21 994,50 ",  1 071 ,  55 ,"-57,58%"
Hélicoptère,,1508689,La France entre ciel et terre : 30 min de survol en hélicoptère avec vidéo,Survol,entre ciel et terre,entre ciel et terre,,France,,avec video,,30 min,,"269,90", €  -   ,  59 ,  -   , €  -   ,  -   ,  -   ,"0,00%"
Hélicoptère,,1500391,Le Vaucluse entre ciel et terre : 30 min de survol en hélicoptère avec vidéo,Survol,entre ciel et terre,entre ciel et terre,Vaucluse,Vaucluse,,avec video,,30 min,,"269,90", €  -   ,  22 ,  -   , €  -   ,  -   ,  -   ,"0,00%"
Hélicoptère,,1483670,Sète entre ciel et terre : survol en hélicoptère de 20 min,Survol,entre ciel et terre,entre ciel et terre,Hérault,Sète,,,,20 min,,"184,90"," €  215,72 ",  61 ,  1 , €  -   ,  -   ,  -   ,"0,00%"
Hélicoptère,,1474221,Survol sensationnel du mont Blanc en hélicoptère depuis les Arcs 1950,Survol,sensationnel ,Mont Blanc,Auvergne-Rhône-Alpes,Mont-Blanc,,,depuis les Arcs 1950,,,"149,90"," €  2 098,60 ",  325 ,  14 ," €  1 124,25 ",  507 ,  8 ,"86,67%"
ULM,,1344715,Aventure en ULM : survol des vignobles des Côtes-du-Rhône avec vidéo souvenir,Survol,,,,,,avec video,,,,"229,90", €  -   ,  25 ,  -   , €  -   ,  71 ,  -   ,"0,00%"
ULM,,1344714,Survol d'1h en ULM du mont Ventoux avec briefing et vidéo souvenir,Survol,,,,,,avec video,,1h,,"229,90", €  -   ,  33 ,  -   ," €  191,58 ",  274 ,  1 ,"-100,00%"
ULM,,1488267,Survol de 35 min du golfe du Morbihan en ULM,Survol,,,,,,,,,,"159,90"," €  1 119,30 ",  121 ,  7 , €  -   ,  -   ,  -   ,"0,00%"
ULM,,1344710,Survol de 45 min en ULM des Dentelles de Montmirail avec briefing et vidéo souvenir,Survol,,,,,,avec video,,45 min,,"179,90", €  -   ,  52 ,  -   ," €  149,92 ",  79 ,  1 ,"-100,00%"
ULM,,590505,Survol de l'épave du Z24 allemand en ULM dans le Médoc pendant 20 minutes pour 4 personnes,Survol,,,,,,,,20 min,pour 4 ,"266,00", €  -   ,  -   ,  -   , €  -   ,  66 ,  -   ,"0,00%"
ULM,,1279125,Survol de presque 1h des monts de Vaucluse en ULM avec montage vidéo,Survol,,,,,,avec video,,1h,,"148,90"," €  694,87 ",  85 ,  5 ," €  372,25 ",  137 ,  3 ,"86,67%"
ULM,,1411193,Survol des falaises de la Côte d’Albâtre en ULM avec photos,Survol,,,,,,avec photos,,,,"99,90"," €  1 282,05 ",  800 ,  13 ," €  416,25 ",  236 ,  4 ,"208,00%"
ULM,,1344712,Survol du Luberon de 55 min en ULM avec briefing et vidéo souvenir,Survol,,,,,,avec video,,,,"219,90", €  -   ,  37 ,  -   , €  -   ,  77 ,  -   ,"0,00%"
ULM,,1279122,Survol en ULM du Pays des Sorgues et vidéo du vol,Survol,,,,,,avec video,,,,"128,90"," €  451,15 ",  76 ,  4 ," €  107,42 ",  79 ,  1 ,"320,00%"
ULM,,1411200,Survol inoubliable des hameaux de la côte normande en ULM,Survol,,,,,,,,,,"139,90"," €  652,87 ",  245 ,  5 ," €  116,58 ",  99 ,  1 ,"460,00%"
ULM,,558135,Survolez la Corrèze en ULM lors d’une journée d’initiation comprenant 3h de formation et 3 vols,Survol,,,,,,,,,,"296,00", €  -   ,  45 ,  -   ," €  493,33 ",  131 ,  2 ,"-100,00%"
ULM,,1986,SURVOLEZ LE MONT BLANC EN ULM,Survol,,Mont Blanc,Auvergne-Rhône-Alpes,Mont Blanc,,,,,,"189,90"," €  4 431,00 ",  807 ,  23 ," €  3 323,25 ",  869 ,  18 ,"33,33%"
ULM,,2008,SURVOLEZ LE PONT DU GARD EN ULM,Survol,,,,,,,,,,"49,90"," €  465,73 ",  241 ,  9 ," €  790,08 ",  325 ,  16 ,"-41,05%"
Hélicoptère,,1503569,Survol de 10 minutes à 2 du Mont-Saint-Michel en hélicoptère,Survol ,,Mont-Saint-Michel,Normandie,Mont-Saint-Michel,,,,10 min,pour 2,"184,90"," €  1 725,73 ",  168 ,  9 , €  -   ,  -   ,  -   ,"0,00%"
Hélicoptère,,1505122,Survol de 15 minutes de La Baule et ses environs en hélicoptère,Survol ,,Survol de,Loire-Atlantique,La Baule,,,,25 min,,"129,90", €  -   ,  11 ,  -   , €  -   ,  -   ,  -   ,"0,00%"
Hélicoptère,,1483665,Survol de 20 min du Cap d'Agde et ses environs en hélicoptère,Survol ,,,Hérault,Cap d'Agde,,,,20 min,,"184,90"," €  215,72 ",  29 ,  1 , €  -   ,  -   ,  -   ,"0,00%"
Hélicoptère,,1508900,Survol de 20 min du Cap d'Agde et ses environs en hélicoptère pour 2,Survol ,,Survol de,Hérault,Cap d'Agde,,,,20 min,pour 2,"359,90", €  -   ,  102 ,  -   , €  -   ,  -   ,  -   ,"0,00%"
Hélicoptère,,1342586,Survol de 20 min du Mont-Blanc en hélicoptère pour 2 personnes depuis les Arcs 1950,Survol ,,,Haute-Savoie,Mont-Blanc,,,depuis les Arcs 1950,20 min,pour 2,"358,90"," €  418,72 ",  127 ,  1 , €  -   ,  214 ,  -   ,"0,00%"
Hélicoptère,,1508910,Survol de 20 min du plateau de Valensole en hélicoptère pour 2,Survol ,,Survol de,Alpes-de-Haute-Provence,plateau de Valensole,,,,20 min,pour 2,"359,90", €  -   ,  60 ,  -   , €  -   ,  -   ,  -   ,"0,00%"
Hélicoptère,,1483672,Survol de 20 min en hélicoptère de Lyon Est-Miribel,Survol ,,,Ain,Lyon Est-Miribel,,,,20 min,,"184,90"," €  215,72 ",  121 ,  1 , €  -   ,  -   ,  -   ,"0,00%"
Hélicoptère,,1508907,Survol de 20 min en hélicoptère de Lyon Est-Miribel pour 2,Survol ,,Survol de,Ain,Lyon Est-Miribel ,,,,20 min,pour 2,"359,90", €  -   ,  53 ,  -   , €  -   ,  -   ,  -   ,"0,00%"
Hélicoptère,,1483664,Survol de 20 min en hélicoptère du Sud de Bordeaux,Survol ,,,Gironde,Sud de Bordeaux,,,,20 min,,"184,90"," €  215,72 ",  71 ,  1 , €  -   ,  -   ,  -   ,"0,00%"
Hélicoptère,,1508899,Survol de 20 min en hélicoptère du Sud de Bordeaux pour 2,Survol ,,Survol de,Gironde,Sud de Bordeaux,,,,20 min,pour 2,"359,90", €  -   ,  22 ,  -   , €  -   ,  -   ,  -   ,"0,00%"
Hélicoptère,,1505146,Survol de 25 min des Sables-d’Olonne et ses environs en hélicoptère,Survol ,,Survol de,Vendée,Sables-d’Olonne,,,,25 min,,"249,90", €  -   ,  4 ,  -   , €  -   ,  -   ,  -   ,"0,00%"
Hélicoptère,,1503570,Survol de 25 minutes à 2 du Mont-Saint-Michel et ses environs en hélicoptère,Survol ,,Mont-Saint-Michel ,Normandie,Mont-Saint-Michel ,,,,25 min,pour 2,"497,90"," €  580,88 ",  50 ,  1 , €  -   ,  -   ,  -   ,"0,00%"
Hélicoptère,,1505130,Survol de 25 minutes de La Baule et ses environs en hélicoptère,Survol ,,,Loire-Atlantique,La Baule,,,,25 min,,"184,90"," €  647,15 ",  42 ,  4 , €  -   ,  -   ,  -   ,"0,00%"
Hélicoptère,,1505136,Survol de 25 minutes de La Rochelle et ses environs en hélicoptère,Survol ,,Survol de,Charente-Maritime,Rochelle,,,,25 min,,"209,90", €  -   ,  22 ,  -   , €  -   ,  -   ,  -   ,"0,00%"
Hélicoptère,,1503565,Survol de 25 minutes du Havre et ses environs en hélicoptère,Survol ,,Survol de,Seine-Maritime,Havre ,,,,25 min,,"209,90", €  -   ,  37 ,  -   , €  -   ,  -   ,  -   ,"0,00%"
Hélicoptère,,1505155,Survol de 35 min de La Rochelle et ses environs en hélicoptère pour 2 personnes,Survol ,,Survol de,Charente-Maritime,Rochelle,,,,35 min,pour 2,"579,90", €  -   ,  5 ,  -   , €  -   ,  -   ,  -   ,"0,00%"
Hélicoptère,,1488246,Survol de la Vallée du Grésivaudan en hélicoptère de 20 min près de Grenoble,Survol ,,,Auvergne-Rhône-Alpes,Grenoble/ Vallée du Grésivaudan,,,,20 min,,"184,90"," €  215,72 ",  35 ,  1 , €  -   ,  -   ,  -   ,"0,00%"
Hélicoptère,,1342123,Survol de Lisbonne en hélicoptère pour 2 personnes,Survol ,,Survol de,Portugal,Lisbonne,autre pays,,,,pour 2,"419,90", €  -   ,  31 ,  -   , €  -   ,  77 ,  -   ,"0,00%"
Hélicoptère,,1505129,Survol des châteaux de la Loire en hélicoptère,Survol ,,Châteaux,Centre-Val de Loire,Château de la loire,,,,,,"184,90"," €  647,15 ",  64 ,  4 , €  -   ,  -   ,  -   ,"0,00%"
Hélicoptère,,1505126,Survol des Sables-d’Olonne et ses environs en hélicoptère,Survol ,,Survol de,Vendée,Sables-d’Olonne,,,,,,"139,90", €  -   ,  12 ,  -   , €  -   ,  -   ,  -   ,"0,00%"
Hélicoptère,,1505150,Survol des Sables-d’Olonne et ses environs en hélicoptère pour 2 personnes,Survol ,,,Vendée,Sables-d’Olonne,,,,,pour 2,"279,90"," €  326,55 ",  8 ,  1 , €  -   ,  -   ,  -   ,"0,00%"
Hélicoptère,,1474229,Survol du fort Boyard en hélicoptère pour 2,Survol ,,fort Boyard,Charente-Maritime,fort Boyard,,,,,pour 2,"157,90"," €  2 210,60 ",  353 ,  14 , €  -   ,  482 ,  -   ,"0,00%"
Hélicoptère,,1354024,Survol du fort Boyard et de Chassiron en hélicoptère à vivre en duo,Survol ,,,,fort Boyard et de Chassiron,,,,,pour 2,"259,90"," €  909,65 ",  52 ,  4 ," €  866,33 ",  343 ,  3 ,"5,00%"
Hélicoptère,,1467664,Survol du mont Blanc de 20 min en hélicoptère,Survol ,,Mont Blanc,Auvergne-Rhône-Alpes,Mont blanc,,,,20 min,,"151,90"," €  9 038,05 ",  1 283 ,  60 , €  -   ,  -   ,  -   ,"0,00%"
Hélicoptère,,1474222,Survol du mont Blanc en hélicoptère à 2 pendant 20 minutes,Survol ,,Mont Blanc,Auvergne-Rhône-Alpes,Mont Blanc,,,,20 min,pour 2,"299,90"," €  3 498,83 ",  472 ,  12 ," €  1 749,42 ",  431 ,  6 ,"100,00%"
Hélicoptère,,1474236,Survol du mont Blanc en hélicoptère pendant 20 minutes depuis Megève,Survol ,,Mont Blanc,Auvergne-Rhône-Alpes,Mont Blanc,,,Depuis Megève,20 min,pour 1,"159,90"," €  22 386,00 ",  5 251 ,  140 ," €  15 990,00 ",  4 505 ,  100 ,"40,00%"
Hélicoptère,,1474238,Survol du mont Blanc en hélicoptère pendant 30 minutes depuis Megève,Survol ,,Mont Blanc,Auvergne-Rhône-Alpes,Mont Blanc,,,Depuis Megève,30 min,pour 1,"219,90"," €  8 466,15 ",  1 111 ,  39 ," €  22 356,50 ",  2 454 ,  102 ,"-62,13%"
Hélicoptère,,1505131,Survol en duo de La Rochelle et ses environs en hélicoptère,Survol ,,,Charente-Maritime,La Rochelle,,,,,pour 2,"184,90"," €  1 078,58 ",  91 ,  6 , €  -   ,  -   ,  -   ,"0,00%"
Hélicoptère,,1474225,Survol en hélicoptère autour du bassin d’Arcachon pour 2,Survol ,,,Gironde,bassin d’Arcachon,,,,,pour 2,"399,90"," €  1 866,20 ",  128 ,  5 ," €  3 665,75 ",  266 ,  9 ,"-49,09%"
Hélicoptère,,1483663,Survol en hélicoptère de 20 min au-dessus d'Angoulême et ses environs,Survol ,,Survol de,Charente,Angoulême,,,,20 min,,"184,90", €  -   ,  20 ,  -   , €  -   ,  -   ,  -   ,"0,00%"
Hélicoptère,,1508898,Survol en hélicoptère de 20 min pour 2 au-dessus d'Angoulême et ses environs,Survol ,,,Charente,Angoulême,,,,20 min,pour 2,"359,90", €  -   ,  14 ,  -   , €  -   ,  -   ,  -   ,"0,00%"
Hélicoptère,,1500390,Survol en hélicoptère de 20 min pour 2 au-dessus d'Avignon et ses environs,Survol ,,,Vaucluse,Avignon,,,,20 min,pour 2,"359,90", €  -   ,  22 ,  -   , €  -   ,  -   ,  -   ,"0,00%"
Hélicoptère,,1508903,Survol en hélicoptère de 20 min pour 2 au-dessus d'Hyères et ses environs,Survol ,,,Var,Hyères,,,,20 min,pour 2,"359,90"," €  419,88 ",  49 ,  1 , €  -   ,  -   ,  -   ,"0,00%"
Hélicoptère,,1413492,Survol en hélicoptère de 25 min du Vercors ou de Crozes-Hermitage,Survol ,,,Auvergne-Rhône-Alpes,Vercors ou de Crozes-Hermitage,,,,25 min,,"249,90", €  -   ,  100 ,  -   ," €  208,25 ",  152 ,  1 ,"-100,00%"
Hélicoptère,,1461201,Survol en hélicoptère de 50 min des Châteaux de Tours et de Chambord,Survol ,,Châteaux,Centre-Val de Loire,Châteaux de Tours et de Chambord,,,,50 min,,"299,90"," €  1 049,65 ",  199 ,  4 , €  -   ,  -   ,  -   ,"0,00%"
Hélicoptère,,1483666,Survol en hélicoptère de Carcassonne et ses environs pendant 20 min,Survol ,,,Aude,Carcassonne,,,,20 min,,"184,90"," €  215,72 ",  42 ,  1 , €  -   ,  -   ,  -   ,"0,00%"
Hélicoptère,,1514205,Survol en hélicoptère de Colmar pendant 15 min pour 2,Survol ,,,Haut-rhin,Colmar,,,,15 min,pour 2,"299,90", €  -   ,  7 ,  -   , €  -   ,  -   ,  -   ,"0,00%"
Hélicoptère,,1483675,Survol en hélicoptère de Colmar pendant 20 min,Survol ,,,Haut-rhin,Colmar,,,,20 min,,"184,90"," €  862,87 ",  243 ,  5 , €  -   ,  -   ,  -   ,"0,00%"
Hélicoptère,,1508902,Survol en hélicoptère de Colmar pendant 20 min pour 2,Survol ,,,Haut-rhin,Colmar,,,,20 min,pour 2,"359,90", €  -   ,  52 ,  -   , €  -   ,  -   ,  -   ,"0,00%"
Hélicoptère,,1488244,Survol en hélicoptère de Marseille et ses environs pendant 20 min,Survol ,,,Provence-Alpes-Côte d'Azur,Marseille,,,,20 min,,"184,90"," €  862,87 ",  236 ,  5 , €  -   ,  -   ,  -   ,"0,00%"
Hélicoptère,,1509080,Survol en hélicoptère des châteaux de la Loire,Survol ,,Châteaux,Centre-Val de Loire,Château de la loire,,,,,,"109,90", €  -   ,  29 ,  -   , €  -   ,  -   ,  -   ,"0,00%"
Hélicoptère,,1462154,"Survol en hélicoptère du célèbre fort Boyard, de Fouras et de l'île d'Aix",Survol ,,célèbre fort Boyard,Charente-Maritime,"fort Boyard, de Fouras et de l'île d'Aix",,,,,,"144,90", €  -   ,  74 ,  -   , €  -   ,  1 ,  -   ,"0,00%"
Hélicoptère,,1462155,Survol en hélicoptère du fort Boyard et du phare de Chassiron durant 30 minutes,Survol ,,,Charente-Maritime,fort Boyard et du phare de Chassiron,,,,30 min,,"219,90", €  -   ,  123 ,  -   ," €  183,25 ",  71 ,  1 ,"-100,00%"
Hélicoptère,,1354045,"Survol en hélicoptère du fort Boyard, de Fouras et de l'île d'Aix pour 2",Survol ,,,Charente-Maritime,"fort Boyard, de Fouras et de l'île d'Aix",,,,,pour 2,"259,90", €  -   ,  -   ,  -   , €  -   ,  5 ,  -   ,"0,00%"
Hélicoptère,,1462144,Survol inoubliable des vignobles des Côtes chalonnaises en hélicoptère,Survol ,inoubliable,Survol inoubliable des vignoble,Saône-et-Loire,Côtes chalonnaises,,Vignioble/Vin,,,,"144,90"," €  338,10 ",  61 ,  2 ," €  120,75 ",  86 ,  1 ,"180,00%"
Hélicoptère,,1462151,"Survol spectaculaire en hélicoptère : fort Boyard, phare de Chassiron et La Cotinière",Survol ,spectaculaire,spectaculaire,Charente-Maritime,"fort Boyard, phare de Chassiron et La Cotinière",,,,,,"219,90", €  -   ,  34 ,  -   ," €  366,50 ",  130 ,  2 ,"-100,00%"
Hélicoptère,,1483671,Survol en hélicoptère de 20 min entre terre et mer près de Narbonne,Survol ,,entre terre et mer,Aude,Narbonne,,,,20 min,,"184,90", €  -   ,  22 ,  -   , €  -   ,  -   ,  -   ,"0,00%"
Hélicoptère,,1474224,Survol exceptionnel du mont Blanc en hélicoptère pour 2,Survol ,exceptionnel,Mont Blanc,Auvergne-Rhône-Alpes,Mont Blanc,,,,30 min,pour 2,"399,90"," €  3 265,85 ",  637 ,  8 ," €  3 999,00 ",  1 044 ,  10 ,"-18,33%"
Hélicoptère,,1474226,Survol magique du bassin d'Arcachon en hélicoptère à vivre en duo,Survol ,magique,,Aquitaine - Gironde,Arcachon,,,,,pour 2,"159,90"," €  1 119,30 ",  543 ,  7 ," €  3 331,25 ",  1 200 ,  21 ,"-66,40%"
Hélicoptère,,1474227,Survol magique en hélicoptère du bassin d’Arcachon,Survol ,magique,,Gironde,bassin d’Arcachon,,,,,,"264,90"," €  3 090,50 ",  341 ,  12 ," €  5 518,75 ",  891 ,  21 ,"-44,00%"
Hélicoptère,,1474239,Survol magique en hélicoptère du pic du Midi,Survol ,magique,,Haute-Savoie,pic du Midi,,,,,,"144,90"," €  2 366,70 ",  889 ,  16 ," €  1 449,00 ",  402 ,  10 ,"63,33%"
Hélicoptère,,1398305,30 minutes de survol magique de Lyon en hélicoptère,Survol ,magique,,,Lyon,,,,30 min,,"199,90", €  -   ,  -   ,  -   ," €  666,33 ",  211 ,  3 ,"-100,00%"
Hélicoptère,,1474232,Survol découverte du fort Boyard et du phare de Chassiron en hélicoptère,Survol ,,,,fort Boyard et du phare de Chassiron,,,,,,"399,90"," €  2 799,30 ",  260 ,  7 ," €  666,50 ",  130 ,  2 ,"320,00%"
Hélicoptère,,1474234,Survol découverte en hélicoptère du bassin d'Arcachon,Survol ,,,Aquitaine - Gironde,Arcachon,,,,,,"89,90"," €  943,95 ",  1 156 ,  11 ," €  1 048,83 ",  1 129 ,  12 ,"-10,00%"
Hélicoptère,,1354011,Survol découverte du fort Boyard en hélicoptère pour 2 depuis l'île d'Oléron,Survol ,,,charente-maritime,fort Boyard,,,depuis l'île d'Oléron,,pour 2,"159,90"," €  373,10 ",  89 ,  2 ," €  1 865,50 ",  837 ,  12 ,"-80,00%"
Hélicoptère,,1474214,20 minutes de survol du mont Blanc en hélicoptère à 2,Survol ,,Mont Blanc,Auvergne-Rhône-Alpes,Mont Blanc,,,,20 min,pour 2,"299,90"," €  12 245,92 ",  1 216 ,  41 ," €  12 995,67 ",  1 200 ,  43 ,"-5,77%"
Hélicoptère,,1461200,Châteaux de la Loire vus du ciel : un survol en hélicoptère de 22 min pour 2 personnes,Survol ,,Châteaux,Centre-Val de Loire,Château de la loire,,,,22 min,pour 2,"159,90", €  -   ,  404 ,  -   , €  -   ,  -   ,  -   ,"0,00%"
Avion,Avion privé ,1382011,Survol de 45 minutes en avion du Grand Site de France des Deux-Caps pour 2,Survol de (Durée),,,,,,,,45 min,pour 2,"269,90"," €  944,65 ",  82 ,  4 ," €  449,83 ",  606 ,  2 ,"110,00%"
ULM,,556623,"Venez vous initier au vol en ULM à 2 en Seine-et-Marne, avec l'école de pilotage Mach 0.1",ULM,,,,,,,,,pour 2,"154,00"," €  179,67 ",  72 ,  1 ," €  770,00 ",  224 ,  5 ,"-76,67%"
ULM,"pendulaire, 3 axes ou autogir",590512,"1h de vol initiatique en ULM pendulaire, 3 axes ou autogire pour 2 en Seine-et-Marne",ULM,,,,,,,,1h,pour 2,"392,00"," €  914,67 ",  113 ,  2 , €  -   ,  128 ,  -   ,"0,00%"
ULM,,1190300,30 minutes de vol d'initiation ULM,ULM,,,,,,,,30 min,,"189,90", €  -   ,  -   ,  -   ," €  158,25 ",  48 ,  1 ,"-100,00%"
ULM,,1190307,30 minutes de vol découverte pilotage en ULM,ULM,,,,,,,,30 min,,"214,90", €  -   ,  -   ,  -   ," €  358,17 ",  119 ,  2 ,"-100,00%"
ULM,ULM pendulaire,590937,50 minutes de vol initiatique en ULM pendulaire en Seine-et-Marne,ULM,,,,,,,,,,"122,00", €  -   ,  -   ,  -   ," €  508,33 ",  385 ,  4 ,"-100,00%"
ULM,,1461183,Cours de pilotage d’ULM de 40 min depuis l'aérodrome de Persan-Beaumont,ULM,,,,,,,,,,"184,90"," €  215,72 ",  230 ,  1 , €  -   ,  -   ,  -   ,"0,00%"
ULM,,1386607,Découverte du pilotage ULM avec instructeur face aux Alpes et au mont Blanc,ULM,,Mont Blanc,Auvergne-Rhône-Alpes,Mont Blanc,,,,,,"199,90"," €  699,65 ",  31 ,  4 ," €  1 166,08 ",  219 ,  6 ,"-40,00%"
ULM,ULM pendulaire,558336,Découvrez les paysages franciliens en ULM pendulaire grâce à ULM 77,ULM,,,,,,,,,,"360,00", €  -   ,  76 ,  -   , €  -   ,  153 ,  -   ,"0,00%"
ULM,,2441,ENVOLEZ-VOUS EN ULM AU-DESSUS DU MONT SAINT-MICHEL,ULM,,,Normandie,Mont Saint-Michel,,,,,,"49,90"," €  6 054,53 ",  2 141 ,  121 ," €  5 364,25 ",  2 079 ,  108 ,"12,87%"
ULM,,590923,Envolez-vous en ULM au-dessus du Val-de-Loire pendant 70 minutes,ULM,,,,,,,,,,"147,00", €  -   ,  4 ,  -   , €  -   ,  787 ,  -   ,"0,00%"
ULM,,558322,"Initiez-vous à l'ULM lors d'une session complète de 3 vols en Seine-et-Marne, avec Mach 0.1",ULM,,,,,,,,,,"252,00", €  -   ,  258 ,  -   ," €  210,00 ",  407 ,  1 ,"-100,00%"
ULM,,590938,Initiez-vous à l'ULM pendulaire lors d'un vol d'initiation de 20 minutes en Seine-et-Marne,ULM,,,,,,,,20 min,,"112,00", €  -   ,  -   ,  -   ," €  280,00 ",  285 ,  3 ,"-100,00%"
ULM,,1385302,Les grands circuits touristiques des Bouches-du-Rhône en ULM,ULM,,,,,,,,,,"179,90"," €  419,77 ",  93 ,  2 ," €  299,83 ",  72 ,  2 ,"40,00%"
ULM,,1875,VOL D'INITIATION À L'ULM DANS LE VAL DE LOIRE,ULM,,,,,,,,,,"49,90"," €  582,17 ",  292 ,  12 ," €  207,92 ",  252 ,  4 ,"180,00%"
ULM,,1447004,Vol d'initiation au pilotage d'un ULM pendant 45 min près de Paris,ULM,,,Paris & Île-de-France,Paris,,,,45 min,,"184,90"," €  2 157,17 ",  213 ,  12 , €  -   ,  -   ,  -   ,"0,00%"
ULM,,1347183,"Vol d'initiation en ULM d'1h en Île-de-France, avec champagne et vidéo",ULM,,,,,,avec video,,1h,,"349,90", €  -   ,  -   ,  -   ," €  583,17 ",  44 ,  2 ,"-100,00%"
ULM,,1400124,Vol d'initiation en ULM pour découvrir Angers durant 45 minutes,ULM,,,,,,,,45 min,,"129,90"," €  606,20 ",  160 ,  5 ," €  216,50 ",  111 ,  2 ,"180,00%"
ULM,,1482554,Vol d’1h en ULM multiaxe au-dessus du fort Boyard et de l’île d’Oléron pour 1 personne,ULM,,,,,,,,1h,pour 1,"179,90"," €  419,77 ",  49 ,  2 , €  -   ,  -   ,  -   ,"0,00%"
ULM,,1347181,Vol d’initiation en ULM (30 min) en Île-de-France avec bouteille de champagne et vidéo souvenir,ULM,,,,,,avec video,,,,"234,90", €  -   ,  -   ,  -   , €  -   ,  43 ,  -   ,"0,00%"
ULM,,1447002,Vol d’initiation en ULM près de Paris : 30 min d’aventure avec pot de bienvenue,ULM,,,Paris & Île-de-France,Paris,,,,30 min,,"149,90"," €  524,65 ",  61 ,  4 , €  -   ,  -   ,  -   ,"0,00%"
ULM,ULM multiaxes,1514191,Vol de 20 min en ULM multiaxes près de Bordeaux,ULM,,,,,,,,20 min,,"69,90", €  -   ,  4 ,  -   , €  -   ,  -   ,  -   ,"0,00%"
ULM,,1478261,Vol de 20 min en ULM VL-3 à la découverte de Cholet et sa région,ULM,,,,,,,,20 min,,"59,90"," €  489,18 ",  147 ,  8 , €  -   ,  -   ,  -   ,"0,00%"
ULM,,1482557,Vol de 30 minutes en ULM multiaxe au-dessus du fort Boyard et de l’île d’Oléron pour 1 personne,ULM,,,,,,,,30 min,pour 1,"99,90"," €  932,40 ",  155 ,  9 , €  -   ,  -   ,  -   ,"0,00%"
ULM,ULM multiaxes,1474512,Vol de 30 minutes en ULM multiaxes au-dessus de Périgueux et sa région,ULM,,,,,,,,30 min,,"119,90", €  -   ,  16 ,  -   , €  -   ,  -   ,  -   ,"0,00%"
ULM,ULM multiaxes,1496235,Vol de 30 minutes en ULM multiaxes entre Nancy et Strasbourg,ULM,,,,,,,,30 min,,"124,90", €  -   ,  19 ,  -   , €  -   ,  -   ,  -   ,"0,00%"
ULM,Autogire,1447012,Vol de 35 min en ULM autogire au-dessus du Cantal et ses volcans,ULM,,,,,,,,,,"114,90"," €  536,20 ",  106 ,  5 , €  -   ,  -   ,  -   ,"0,00%"
ULM,ULM multiaxes,1496236,Vol de 40 minutes en ULM multiaxes entre Nancy et Strasbourg,ULM,,,,,,,,,,"154,90", €  -   ,  18 ,  -   , €  -   ,  -   ,  -   ,"0,00%"
ULM,ULM multiaxes,1474513,Vol de 45 min en ULM multiaxes au-dessus de Périgueux et sa région,ULM,,,,,,,,45 min,,"149,90"," €  349,77 ",  16 ,  2 , €  -   ,  -   ,  -   ,"0,00%"
ULM,ULM multiaxes,1514190,Vol de 45 min en ULM multiaxes près de Nîmes,ULM,,,,,,,,45 min,,"129,90", €  -   ,  5 ,  -   , €  -   ,  -   ,  -   ,"0,00%"
ULM,ULM pendulaire,1474511,Vol de 45 min en ULM pendulaire près de Périgueux,ULM,,,,,,,,45 min,,"119,90", €  -   ,  25 ,  -   , €  -   ,  -   ,  -   ,"0,00%"
ULM,,1347125,Vol de découverte du pilotage en ULM,ULM,,,,,,,,,,"129,90"," €  303,10 ",  146 ,  2 ," €  108,25 ",  165 ,  1 ,"180,00%"
ULM,,1389159,Vol exceptionnel d'initiation en ULM dans l'Aisne,ULM,,,,,,,,,,"149,90", €  -   ,  -   ,  -   , €  -   ,  84 ,  -   ,"0,00%"
ULM,ULM pendulaire/Paramoteur,1469100,Vol pédagogique ou découverte en ULM pendulaire ou paramoteur pour 2 près de Bordeaux,ULM,,,,,,,,,pour 2,"309,90", €  -   ,  57 ,  -   , €  -   ,  -   ,  -   ,"0,00%"
ULM,,1386605,Vol Prestige de 30 minutes en ULM en Isère,ULM,,,Auvergne-Rhône-Alpes,Isère,,,,30 min,,"139,90", €  -   ,  10 ,  -   ," €  582,92 ",  384 ,  4 ,"-100,00%"
ULM,,1386604,Vol Sensation de 20 minutes en ULM en région Rhône-Alpes,ULM,,,Auvergne-Rhône-Alpes,Rhône-Alpes,,,,20 min,,"99,90"," €  116,55 ",  22 ,  1 ," €  582,75 ",  224 ,  6 ,"-80,00%"
ULM,,1400123,Vol sensationnel en ULM au-dessus des paysages de l'Anjou,ULM,,,,,,,,,,"149,90"," €  1 399,07 ",  185 ,  9 , €  -   ,  121 ,  -   ,"0,00%"
ULM,,1374815,Initiation inoubliable aux commandes d'un ULM à Arcachon,ULM / aux commandes,,,Aquitaine - Gironde,Arcachon,,,,,,"189,90"," €  886,20 ",  90 ,  5 ," €  1 424,25 ",  150 ,  8 ,"-37,78%"
ULM,,1405052,Vol de 40 minutes aux commandes d'un ULM dans le Val-d'Oise,ULM / aux commandes,,,,,,,,,,"149,90"," €  699,53 ",  221 ,  5 ," €  1 249,17 ",  290 ,  8 ,"-44,00%"
ULM,,1268707,Prenez votre envol avec ULM Paris lors d'une inoubliable initiation avec vidéo du vol,ULM / Initiation,,,Paris & Île-de-France,Paris,,avec video,,,,"179,90"," €  1 049,42 ",  125 ,  6 ," €  149,92 ",  131 ,  1 ,"600,00%"
ULM,,1386614,Initiation au pilotage d'un ULM face aux Alpes et au mont Blanc,ULM / Initiation au pilotage,,Mont Blanc,Auvergne-Rhône-Alpes,Mont Blanc,,,,,,"259,90", €  -   ,  33 ,  -   ," €  1 299,50 ",  724 ,  5 ,"-100,00%"
ULM,,1491438,Initiation au pilotage d'un ULM pendant 50 min à Colmar,ULM / Initiation au pilotage,,,,,,,,,,"279,90", €  -   ,  18 ,  -   , €  -   ,  -   ,  -   ,"0,00%"
ULM,,1512584,Initiation au pilotage d’1h en ULM trois axes près de Toulouse,ULM / Initiation au pilotage,,,,,,,,,,"169,90", €  -   ,  4 ,  -   , €  -   ,  -   ,  -   ,"0,00%"
Avion,Avion privé ,1467651,A private air ride from the Mediterranean coast (45min) | Un tour en avion privé depuis la côte méditerranéenne (45min),Un tour ,,,,côte méditerranéenne,,,,45 min,,"219,90"," €  256,55 ",  70 ,  1 , €  -   ,  -   ,  -   ,"0,00%"
Hélicoptère,,1508912,A flight video | A discovery overview by helicopter (20 min) | Une vidéo de vol | Un tour découverte en hélicoptère (20 min),Un tour découverte en hélicoptère,,,France,France,,avec video,,20 min,,"359,90"," €  419,88 ",  29 ,  1 , €  -   ,  -   ,  -   ,"0,00%"
montgolfière,,1467661,A briefing | Participation in the swelling of the ball | A Montgolfiere flight (1 hour),Un vol en ,,,,,,,,,,"224,90"," €  524,77 ",  281 ,  2 , €  -   ,  -   ,  -   ,"0,00%"
montgolfière,,1467662,Participation in the swelling of the ball | A briefing | A Montgolfiere flight (1 hour),Un vol en ,,,,,,,,,,"224,90"," €  262,38 ",  185 ,  1 , €  -   ,  -   ,  -   ,"0,00%"
montgolfière,,1467660,A Montgolfier flight (1h) | Participation in the swelling of the ball | a briefing | Un vol Montgolfier (1h) | Participation au gonflement du ballon | un briefing,Un vol en ,,,,,,,,,,"224,90", €  -   ,  95 ,  -   , €  -   ,  -   ,  -   ,"0,00%"
Hélicoptère,,1467721,A flight by plane with a private pilot (15 min) | A briefing (10 min),Un vol en ,,,,,,,,,,"89,90"," €  2 202,55 ",  453 ,  25 , €  -   ,  -   ,  -   ,"0,00%"
Avion,,1467726,A flight by plane with a private pilot (1h30) | A briefing (10 min) | Un vol en avion avec un pilote privé (1h30) | Un briefing (10 min),Un vol en avion avec un pilote privé,,,,,,,,,,"359,90"," €  419,88 ",  49 ,  1 , €  -   ,  -   ,  -   ,"0,00%"
Avion,,1467723,A flight by plane with a private pilot (30 min) | A briefing (10 min) | Un vol en avion avec un pilote privé (30 min) | Un briefing (10 min),Un vol en avion avec un pilote privé,,,,,,,,,,"179,90"," €  3 148,25 ",  217 ,  18 , €  -   ,  -   ,  -   ,"0,00%"
Avion,,1467724,A flight by plane with a private pilot (45 min) | A briefing (10 min) | Un vol en avion avec un pilote privé (45 min) | Un briefing (10 min),Un vol en avion avec un pilote privé,,,,,,,,,,"269,90"," €  629,77 ",  127 ,  2 , €  -   ,  -   ,  -   ,"0,00%"
montgolfière,,1365588,VOYAGE EN MONTGOLFIÈRE,Vogage,,,,,,,,,,"299,90", €  -   ,  -   ,  -   ," €  499,83 ",  1 247 ,  2 ,"-100,00%"
montgolfière,,1489045,VOYAGE EN MONTGOLFIÈRE,Vogage,,,,,,,,,,"199,90"," €  34 982,50 ",  6 247 ,  175 ," €  38 480,75 ",  9 982 ,  193 ,"-9,09%"
Hélicoptère,,1474231,Les côtes chalonnaises depuis le ciel : vol magique en hélicoptère pour 2,Vol,Depuis le ciel ,,Saône-et-Loire,Les côtes chalonnaises,,,,,pour 2,"259,90"," €  606,43 ",  94 ,  2 ," €  216,58 ",  68 ,  1 ,"180,00%"
Hélicoptère,,1127861,Adrénaline hélicoptère,Vol,,,?,Mont Blanc,,,,,1 à 3,"189,90"," €  20 382,60 ",  8 062 ,  107 ," €  17 091,00 ",  10 251 ,  90 ,"19,26%"
avion de chasse,L-39 Albatros,1409991,Vol sensationnel dans un L-39 Albatros en Californie,Vol,,,,,,,,,,"3 795,90", €  -   ,  109 ,  -   , €  -   ,  76 ,  -   ,"0,00%"
avion de chasse,L-39 Albatros,1409993,Vol spectaculaire de 45 minutes en L-39 Albatros en Floride,Vol,,,,,,,,45 min,,"3 373,90", €  -   ,  101 ,  -   , €  -   ,  108 ,  -   ,"0,00%"
avion de chasse,L-39 Albatros,1409992,Vol spectaculaire de 60 minutes dans un Albatros L-39 en Floride,Vol,,,,,,,,,,"3 795,90", €  -   ,  138 ,  -   , €  -   ,  103 ,  -   ,"0,00%"
ULM,,1503564,1h de vol à sensations en ULM près de Grenoble,Vol à sensations en ULM,,,Auvergne-Rhône-Alpes,Grenoble,,,,1h,,"159,90", €  -   ,  16 ,  -   , €  -   ,  -   ,  -   ,"0,00%"
ULM,Hélicoptère,1389137,Vol aventure en hélicoptère ULM au-dessus des paysages de l’Aisne,Vol aventure ULM hélicoptère,,aventure,Hauts-de-France,Aisne,,,,,,"349,90", €  -   ,  -   ,  -   , €  -   ,  412 ,  -   ,"0,00%"
avion de chasse,,1410000,20-minütiger Flug mit einem L-39 Albatros-Kampfjet in Tschechien | Vol de 20 minutes dans un avion de chasse L-39 Albatros en République tchèque,Vol avion de chasse,,L-39 Albatros,,République tchèque,,,,20 min,,"2 007,90", €  -   ,  130 ,  -   , €  -   ,  383 ,  -   ,"0,00%"
avion de chasse,,1409989,Avontuurlijke vlucht in een MB-326 gevechtsvliegtuig in Italië | Vol d'aventure dans un avion de chasse MB-326 en Italie,Vol avion de chasse,,MB-326,,Italie,,Aventure,,,,"2 509,90"," €  2 928,22 ",  168 ,  1 , €  -   ,  86 ,  -   ,"0,00%"
avion de chasse,,1443478,Vol de 20 minutes à bord d'un avion de chasse L-29 Delfin en Slovaquie,Vol avion de chasse,,L-29,Hors France,Slovaquie,,,,20 min,,"1 932,10", €  -   ,  194 ,  -   ," €  1 610,08 ",  400 ,  1 ,"-100,00%"
avion de chasse,,1443477,Vol sensationnel de 30 minutes à bord d’un avion de chasse L-39 Albatros en France,Vol avion de chasse,,,,,,,,30 min,,"2 575,20"," €  6 008,80 ",  3 835 ,  2 ," €  4 292,00 ",  801 ,  2 ,"40,00%"
avion de chasse,,1409986,Vol spectaculaire dans un avion de chasse Jet Provost en Italie,Vol avion de chasse,,Jet Provost,,Italie,,Spectaculaire,,,,"2 509,90", €  -   ,  82 ,  -   , €  -   ,  143 ,  -   ,"0,00%"
Avion,,1278487,Vol d'1h en avion privé au dessus de la Côte d'Azur,Vol avion privé,,,,Côte d'Azur,,,,1h,,"279,90", €  -   ,  -   ,  -   , €  -   ,  89 ,  -   ,"0,00%"
Avion,Avion privé ,1321905,Vol dans la Vallée de la Loire au-dessus des châteaux en avion privé pour 2 (1h),Vol avion privé,,Châteaux,Centre-Val de Loire,Château de la loire,,châteaux,,1h,pour 2,"220,90", €  -   ,  -   ,  -   ," €  184,08 ",  153 ,  1 ,"-100,00%"
montgolfière,,1457252,Vol d'exception en montgolfière au-dessus du château de Chenonceau pour 2,Vol d'exception,,,,,,,,,pour 2,"419,90"," €  14 206,62 ",  1 238 ,  34 ," €  8 048,08 ",  2 056 ,  19 ,"76,52%"
montgolfière,,1464747,Vol de nuit en montgolfière autour du lac Léman,Vol de nuit,,,,,,,,,,"479,90"," €  1 119,77 ",  228 ,  2 , €  -   ,  -   ,  -   ,"0,00%"
avion de chasse,L-29 Delfin,1409995,Droomvlucht in een L-29 Delfín in Slowakije | Vol de rêve en L-29 Delfin en Slovaquie,Vol de rêve,,,,,,,,,,"2 007,90", €  -   ,  79 ,  -   , €  -   ,  156 ,  -   ,"0,00%"
Avion,,1397528,Vol découverte de nuit en avion pendant 25 minutes près de Valenciennes,Vol découverte,,?,,Valenciennes,,De nuit,,25 min,,"199,90", €  -   ,  27 ,  -   , €  -   ,  62 ,  -   ,"0,00%"
ULM,,1407606,Vol découverte en biplace VL3 avec photos souvenir,Vol découverte,,biplace VL3,,?,,avec photos,,,,"209,90", €  -   ,  57 ,  -   , €  -   ,  50 ,  -   ,"0,00%"
Hélicoptère,,1482553,Vol découverte de 20 min en hélicoptère au-dessus de Montbéliard,Vol découverte,,,Doubs,Montbéliard,,,,20 min,,"189,90"," €  221,55 ",  57 ,  1 , €  -   ,  -   ,  -   ,"0,00%"
Hélicoptère,,1462150,Vol découverte en hélicoptère vers le fort Boyard et le phare de Chassiron,Vol découverte,,,Charente-Maritime,fort Boyard et le phare de Chassiron,,,,,,"144,90"," €  338,10 ",  44 ,  2 ," €  362,25 ",  343 ,  3 ,"-6,67%"
Hélicoptère,bimoteur,1513424,Vol découverte Paris-Versailles de 30 min en hélicoptère bimoteur,Vol découverte,,,Paris & Île-de-France,Paris-Versailles,,,,30 min,,"215,90"," €  1 259,42 ",  380 ,  6 , €  -   ,  16 ,  -   ,"0,00%"
ULM,ULM hélicoptère,1405047,Vol découverte en ULM-hélicoptère au-dessus du mont Saint-Michel,Vol découverte,,mont Saint-Michel,Normandie,Mont Saint-Michel,,,,,,"119,90", €  -   ,  -   ,  -   ," €  399,67 ",  334 ,  3 ,"-100,00%"
Hélicoptère,,1342613,Vol découverte de Paris et du château de Versailles en hélicoptère de 25 min pour 2 personnes,Vol découverte,,château de Versailles,Paris & Île-de-France,Paris-Versailles,,,Vol découverte de Paris et du château de Versaille,25 min,pour 2,"419,90"," €  7 348,25 ",  573 ,  18 ," €  5 598,67 ",  615 ,  13 ,"31,25%"
Hélicoptère,,1342606,Vol de 25 min en hélicoptère pour découvrir à 2 Amboise et les châteaux de la Loire,Vol découverte hélicoptère ,,Châteaux,Centre-Val de Loire,Amboise et les châteaux de la Loire,,,,25 min,pour 2,"357,90"," €  835,10 ",  117 ,  2 ," €  894,75 ",  154 ,  3 ,"-6,67%"
ULM,,1179504,Vol en ULM - Circuit du pont du Gard & Camargue pour 2,Vol en,,,,,,,,,pour 2,"649,90", €  -   ,  -   ,  -   , €  -   ,  143 ,  -   ,"0,00%"
ULM,,1411199,Vol en ULM au-dessus des falaises de la Côte d’Albâtre en Normandie,Vol en,,,,,,,,,,"89,90"," €  734,18 ",  520 ,  8 ," €  374,58 ",  496 ,  4 ,"96,00%"
ULM,,1488266,Vol en ULM d’1h à la découverte des châteaux de la Loire et de la Touraine,Vol en,,Châteaux,Centre-Val de Loire,Château de la loire,,,,,,"129,90", €  -   ,  57 ,  -   , €  -   ,  -   ,  -   ,"0,00%"
ULM,Hélicoptère,1488272,Vol en ULM d’1h15 à la découverte des châteaux de la Loire et de la Touraine,Vol en,,Châteaux,Centre-Val de Loire,Château de la loire,,,,,,"159,90", €  -   ,  53 ,  -   , €  -   ,  -   ,  -   ,"0,00%"
ULM,,1268706,Vol en ULM dans les environs de Meaux et Disneyland® Paris avec vidéo souvenir,Vol en,,,Paris & Île-de-France,Disneyland,,avec video,,,,"179,90"," €  1 679,07 ",  342 ,  9 ," €  149,92 ",  458 ,  1 ,"1020,00%"
ULM,,1488273,Vol en ULM de 30 min à la découverte des châteaux de la Loire et de la Touraine,Vol en,,Châteaux,Centre-Val de Loire,Château de la loire,,,,30 min,,"69,90"," €  407,75 ",  109 ,  6 , €  -   ,  -   ,  -   ,"0,00%"
ULM,,1437692,Vol en ULM de 30 min au-dessus de l’Espace Diamant et du lac de Roselend,Vol en,,,,,,,,30 min,,"289,90", €  -   ,  50 ,  -   , €  -   ,  11 ,  -   ,"0,00%"
ULM,,1344630,Vol en ULM de 30 min pour 1 personne à Arcachon,Vol en,,,Aquitaine - Gironde,Arcachon,,,,30 min,pour 1,"99,90"," €  1 748,25 ",  237 ,  18 ," €  1 248,75 ",  260 ,  13 ,"40,00%"
ULM,,1482555,Vol en ULM hydravion de 30 min près de La Rochelle,Vol en,,,,,,,,30 min,,"109,90"," €  1 538,60 ",  356 ,  14 , €  -   ,  -   ,  -   ,"0,00%"
ULM,,1411192,Vol en ULM palpitant durant 45 minutes au-dessus d’Étretat,Vol en,,,,,,,,45 min,,"199,90"," €  4 897,55 ",  296 ,  25 ," €  1 499,25 ",  170 ,  8 ,"226,67%"
ULM,ULM pendulaire,590517,Vol en ULM pendulaire de 25 minutes dans les Hautes-Pyrénées,Vol en,,,midi-pyrénées,Hautes-Pyrénées,,,,25 min,,"87,00", €  -   ,  -   ,  -   ," €  435,00 ",  196 ,  5 ,"-100,00%"
ULM,,1396413,Vol en ULM pendulaire en Bourgogne,Vol en,,,,,,,,,,"99,90"," €  932,40 ",  281 ,  9 ," €  333,00 ",  237 ,  3 ,"180,00%"
Hélicoptère,,1358325,Vol en hélicoptère à la découverte du château d’Amboise et bien d’autres,Vol en,,château d’Amboise,,château d’Amboise,,,,,,"139,90"," €  1 468,95 ",  434 ,  11 ," €  932,67 ",  293 ,  7 ,"57,50%"
Hélicoptère,,1514206,Vol au-dessus de Colmar et ses alentours en hélicoptère pendant 15 min avec vidéo,Vol en,,au-dessus,Haut-rhin,Colmar,,avec video,,15 min,,"169,90", €  -   ,  4 ,  -   , €  -   ,  -   ,  -   ,"0,00%"
Hélicoptère,,1493716,Vol de 20 minutes en hélicoptère au-dessus du bassin grenoblois et ses environs,Vol en,,,Auvergne-Rhône-Alpes,Grenoble,,,,20 min,,"151,90"," €  531,65 ",  60 ,  4 , €  -   ,  -   ,  -   ,"0,00%"
Hélicoptère,,1505123,Vol en hélicoptère au-dessus de Quiberon et sa presqu'île,Vol en,,,Bretagne,Quiberon et sa presqu'île,,,,,,"129,90"," €  303,10 ",  68 ,  2 , €  -   ,  -   ,  -   ,"0,00%"
Hélicoptère,,1505149,Vol en hélicoptère au-dessus de Quiberon et sa presqu'île pour 2,Vol en,,,Morbihan,Quiberon et sa presqu'île,,,,,pour 2,"259,90", €  -   ,  19 ,  -   , €  -   ,  -   ,  -   ,"0,00%"
Hélicoptère,,1505124,Vol en hélicoptère au-dessus de Saint-Nazaire et sa région,Vol en,,et sa region,Loire-Atlantique,Saint-Nazaire,,,,,,"129,90", €  -   ,  15 ,  -   , €  -   ,  -   ,  -   ,"0,00%"
Hélicoptère,,1474237,Vol en hélicoptère au-dessus du fort Boyard,Vol en,,fort Boyard,Charente-Maritime,Fort Boyard,,,,,,"89,90", €  -   ,  177 ,  -   ," €  224,75 ",  491 ,  3 ,"-100,00%"
Hélicoptère,,1462141,Vol en hélicoptère inoubliable autour du bassin d'Arcachon,Vol en,,,Aquitaine - Gironde,Arcachon,,,,,,"144,90"," €  2 366,70 ",  303 ,  16 ," €  1 086,75 ",  439 ,  8 ,"117,78%"
Hélicoptère,,1412517,Vol en hélicoptère inoubliable de 40 min pour 2 au-dessus du château de Chenonceau,Vol en,,château de Chenonceau,,château de Chenonceau,,,,40 min,pour 2,"437,90", €  -   ,  -   ,  -   ," €  729,83 ",  405 ,  2 ,"-100,00%"
montgolfière,,1209060,un vol en montgolfière en nacelle privative (1h),Vol en ,,,,,,,,,,"889,90", €  -   ,  -   ,  -   , €  -   ,  90 ,  -   ,"0,00%"
montgolfière,,1137343,Vol en mongolfière en Catalogne,Vol en ,,,,,,,,,,"249,90", €  -   ,  -   ,  -   , €  -   ,  532 ,  -   ,"0,00%"
montgolfière,,1457251,Vol en montgolfière à couper le souffle au-dessus du château de Chenonceau,Vol en ,,,,,,,,,,"209,90"," €  2 448,83 ",  510 ,  12 ," €  874,58 ",  1 292 ,  4 ,"180,00%"
montgolfière,,590572,Vol en montgolfière au-dessus de la Vienne pendant 1h15 avec champagne pour 2 personnes,Vol en ,,,,,,,,1h15,pour 2,"469,00", €  -   ,  -   ,  -   , €  -   ,  308 ,  -   ,"0,00%"
montgolfière,,1270458,Vol en montgolfière avec dégustation et visite de cave pour 2 personnes à Amboise,Vol en ,,,,Ambroise,,,,,pour 2,"389,90"," €  218 344,00 ",  13 500 ,  560 ," €  67 907,58 ",  6 566 ,  174 ,"221,53%"
montgolfière,,1511608,Vol en montgolfière d'1h à Chenonceaux,Vol en ,,,,,,,,1h,,"214,90"," €  9 276,52 ",  3 319 ,  43 , €  -   ,  -   ,  -   ,"0,00%"
montgolfière,,1458497,"Vol en montgolfière d'1h au-dessus des châteaux de la Loire pour 2, le matin en semaine",Vol en ,,Châteaux,Centre-Val de Loire,Château de la loire,,,,1h,pour 2,"289,90"," €  113 302,58 ",  8 388 ,  391 , €  -   ,  -   ,  -   ,"0,00%"
montgolfière,,1351892,Vol en montgolfière d'1h avec collation à vivre à 2,Vol en ,,,,,,,,1h,pour 2,"499,90"," €  2 916,08 ",  198 ,  6 ," €  1 249,75 ",  545 ,  3 ,"133,33%"
montgolfière,,1351911,"Vol en montgolfière d'1h avec pause gourmande, photos et vidéos souvenirs",Vol en ,,,,,,avec video/photos,,1h,,"299,90"," €  1 049,65 ",  657 ,  4 ," €  999,67 ",  598 ,  3 ,"5,00%"
montgolfière,,1500356,Vol en montgolfière d'1h avec photos et coupe de champagne près de Châtellerault,Vol en ,,,,,,avec photos,,1h,,"279,90", €  -   ,  79 ,  -   , €  -   ,  -   ,  -   ,"0,00%"
montgolfière,,1458485,Vol en montgolfière d'1h en duo au-dessus des châteaux de la Loire en semaine et le week-end,Vol en ,,Châteaux,Centre-Val de Loire,Château de la loire,,,,1h,pour 2,"359,90"," €  63 822,27 ",  3 829 ,  177 , €  -   ,  -   ,  -   ,"0,00%"
montgolfière,,1457726,Vol en montgolfière d'1h en duo proche de l'Auvergne en semaine et le week-end,Vol en ,,,,,,,,1h,pour 2,"379,90"," €  19 501,53 ",  2 058 ,  51 , €  -   ,  -   ,  -   ,"0,00%"
montgolfière,,1338614,Vol en montgolfière d'1h en nacelle privative pour 4 dans le nord de la France,Vol en ,,,,,,,,1h,pour 4,"1 199,90"," €  1 399,88 ",  140 ,  1 , €  -   ,  449 ,  -   ,"0,00%"
montgolfière,,1351893,Vol en montgolfière d'1h en Touraine avec moment de dégustation,Vol en ,,,,,,,,1h,,"249,90", €  -   ,  -   ,  -   , €  -   ,  1 508 ,  -   ,"0,00%"
montgolfière,,1458491,"Vol en montgolfière d'1h20 au-dessus des châteaux de la Loire, en semaine et le week-end",Vol en ,,Châteaux,Centre-Val de Loire,Château de la loire,,,,1h20,,"149,90"," €  57 536,62 ",  8 550 ,  384 , €  -   ,  -   ,  -   ,"0,00%"
montgolfière,,1457729,"Vol en montgolfière d'1h20 en Bourgogne, en semaine et le week-end",Vol en ,,,,,,,,1h20,,"149,90"," €  8 219,52 ",  1 233 ,  55 , €  -   ,  -   ,  -   ,"0,00%"
montgolfière,,1457722,Vol en montgolfière d'1h20 en semaine et le week-end proche de l'Auvergne,Vol en ,,,,,,,,1h20,,"149,90"," €  8 219,52 ",  1 773 ,  55 , €  -   ,  -   ,  -   ,"0,00%"
montgolfière,,1457595,Vol en montgolfière d'1h20 en semaine et le week-end proche de l'Auvergne,Vol en ,,,,,,,,1h20,,"149,90"," €  4 721,85 ",  1 465 ,  32 , €  -   ,  -   ,  -   ,"0,00%"
montgolfière,,1458493,Vol en montgolfière d'1h20 le matin en semaine au-dessus des châteaux de la Loire,Vol en ,,Châteaux,Centre-Val de Loire,Château de la loire,,,,1h20,,"139,90"," €  24 645,72 ",  4 725 ,  176 , €  -   ,  -   ,  -   ,"0,00%"
montgolfière,,1457728,Vol en montgolfière d'1h20 le matin en semaine en Bourgogne,Vol en ,,,,,,,,1h20,,"139,90"," €  6 365,45 ",  1 758 ,  46 , €  -   ,  -   ,  -   ,"0,00%"
montgolfière,,1457723,Vol en montgolfière d'1h20 le matin en semaine proche de l'Auvergne,Vol en ,,,,,,,,1h20,,"139,90"," €  1 632,17 ",  792 ,  12 , €  -   ,  -   ,  -   ,"0,00%"
montgolfière,,1457598,"Vol en montgolfière d'1h20 proche de l'Auvergne, en semaine le matin",Vol en ,,,,,,,,1h20,,"139,90"," €  1 468,95 ",  1 286 ,  11 , €  -   ,  -   ,  -   ,"0,00%"
montgolfière,,1473293,Vol en montgolfière d'1h30 en duo dans le ciel de la Somme,Vol en ,,,,,,,,1h30,pour 2,"399,90"," €  466,55 ",  59 ,  1 , €  -   ,  -   ,  -   ,"0,00%"
montgolfière,,1473292,Vol en montgolfière d'1h30 près d'Amiens,Vol en ,,,,,,,,1h30,,"199,90", €  -   ,  34 ,  -   , €  -   ,  -   ,  -   ,"0,00%"
montgolfière,,1495597,Vol en montgolfière d’1h près de Bordeaux avec briefing et gonflement du ballon,Vol en ,,,,,,,,,,"224,90"," €  1 311,92 ",  457 ,  6 , €  -   ,  -   ,  -   ,"0,00%"
montgolfière,,1461329,Vol en montgolfière d’1h près de Bordeaux avec briefing et gonflement du ballon,Vol en ,,,,,,,,,,"249,90"," €  874,65 ",  785 ,  4 , €  -   ,  -   ,  -   ,"0,00%"
montgolfière,,1461330,Vol en montgolfière d’1h près de Bordeaux avec visite-dégustation de caves de cognac bourbon,Vol en ,,,,,,,,,,"529,90"," €  2 472,87 ",  540 ,  5 , €  -   ,  -   ,  -   ,"0,00%"
montgolfière,,1520352,Vol en montgolfière de 2h à 2 au lever du soleil avec dégustation près de Périgueux,Vol en ,,,,,,,,,pour 2,"899,90"," €  2 099,77 ",  329 ,  2 ," €  749,92 ",  304 ,  1 ,"180,00%"
montgolfière,,1270456,Vol en montgolfière depuis Amboise avec visite de caves et dégustation de vin de Touraine,Vol en ,,,,,,,,,,"199,90"," €  7 462,93 ",  3 106 ,  37 ," €  4 664,33 ",  3 265 ,  23 ,"60,00%"
montgolfière,,1270460,Vol en montgolfière en famille au cœur de la Touraine avec dégustation et visite de cave,Vol en ,,,,,,,,,en famille (2 adultes 1 enfant),"518,90", €  -   ,  -   ,  -   , €  -   ,  670 ,  -   ,"0,00%"
montgolfière,,1257666,Vol en Montgolfière en France pour 1,Vol en ,,,,France,,,,,pour 1,"149,90"," €  227 698,10 ",  56 225 ,  1 519 ," €  130 537,92 ",  61 171 ,  871 ,"74,43%"
montgolfière,,1413480,Vol en montgolfière en nacelle privée d'1h pour 4 personnes à Arras,Vol en ,,,,,,,,1h,pour 4,"899,90", €  -   ,  -   ,  -   , €  -   ,  205 ,  -   ,"0,00%"
montgolfière,,1259281,Vol en Montgolfière en semaine pour 2,Vol en ,,,,"France, Lyon, Poitier",,,,,pour 2,"289,90"," €  167 079,03 ",  19 928 ,  576 ," €  113 544,17 ",  26 616 ,  392 ,"47,15%"
montgolfière,,1261451,Vol en montgolfière en semaine pour un,Vol en ,,,,,,,,,pour 1,"139,90"," €  57 615,48 ",  19 927 ,  412 ," €  19 003,08 ",  11 504 ,  136 ,"203,19%"
montgolfière,,1366276,Vol en montgolfière et atelier œnologie en duo,Vol en ,,,,,,,,,pour 2,"699,80", €  -   ,  -   ,  -   , €  -   ,  48 ,  -   ,"0,00%"
montgolfière,,1179513,Vol en montgolfière et bulles for 2,Vol en ,,,,,,,,,pour 2,"319,90", €  -   ,  -   ,  -   ," €  3 465,58 ",  548 ,  11 ,"-100,00%"
montgolfière,,1366286,Vol en montgolfière et dîner accords mets et vins en duo,Vol en ,,,,,,,,,pour 2,"799,80", €  -   ,  -   ,  -   ," €  666,50 ",  65 ,  1 ,"-100,00%"
montgolfière,,1366278,Vol en montgolfière et pause bien-être en duo,Vol en ,,,,,,,,,pour 2,"799,80", €  -   ,  -   ,  -   , €  -   ,  86 ,  -   ,"0,00%"
montgolfière,,1430446,Vol en montgolfière magique en semaine et le week-end pour 2,Vol en ,,,,,,,,,pour 2,"359,90"," €  38 629,27 ",  4 998 ,  107 ," €  35 990,00 ",  17 725 ,  100 ,"7,33%"
montgolfière,,1489046,Vol en montgolfière pour 2,Vol en ,,,,,,,,,pour 2,"399,90"," €  31 725,40 ",  2 404 ,  79 ," €  56 319,25 ",  11 099 ,  141 ,"-43,67%"
montgolfière,,1365586,Vol en montgolfière pour 2,Vol en ,,,,,,,,,pour 2,"599,90", €  -   ,  -   ,  -   , €  -   ,  216 ,  -   ,"0,00%"
montgolfière,,1179522,Vol en montgolfière pour 8 personnes en nacelle privative - en Corrèze,Vol en ,,,,,,,,,pour 8,"1 599,90", €  -   ,  120 ,  -   , €  -   ,  134 ,  -   ,"0,00%"
montgolfière / ballon,,1473192,"Vol en montgolfière d’1h à Arras avec préparation du ballon, toast et diplôme",Vol en ,,,,,,,,,,"169,90", €  -   ,  12 ,  -   , €  -   ,  -   ,  -   ,"0,00%"
Avion,,1414139,2h30 de vol en avion et 1h d'escale en bord de mer pour 2,Vol en ,,,,,,,,2h30,pour 2,"679,90"," €  793,22 ",  361 ,  1 , €  -   ,  379 ,  -   ,"0,00%"
Avion,,1467720,45 min de vol en avion au-dessus de la Côte d'Opale au départ du Touquet,Vol en ,,,Nord-Pas-de-Calais,Côte d'Opale,,,,45 min,,"179,90"," €  419,77 ",  119 ,  2 , €  -   ,  -   ,  -   ,"0,00%"
Avion,,1403183,Vol d’1h en duo (pour 2) pour admirer les châteaux de la Loire,Vol en ,,Châteaux,Centre-Val de Loire,Château de la loire,,,,1 heure,pour 2,"139,90"," €  1 142,52 ",  378 ,  8 ," €  35 208,17 ",  15 190 ,  252 ,"-96,75%"
Astronaute,,1410003,Astronaute d'un jour : vol en apesanteur à bord d'un jet dans le ciel de la Floride | Astronaut für einen Tag: Schwereloser Flug an Bord eines Jets am Himmel über Florida Astronaute d'un jour : vol en apesanteur à bord d'un jet dans le ciel de Floride,Vol en apesanteur,,,hors france,Floride,,,,,,"3 373,90", €  -   ,  1 128 ,  -   , €  -   ,  335 ,  -   ,"0,00%"
avion de chasse,,1409987,Vlucht in een L-39 Albatros straaljager boven de Zwitserse Alpen | Vol en avion de chasse L-39 Albatros au-dessus des Alpes suisses,Vol en avion de chasse,,,Hors France,Suisse,,,,,,"3 816,90", €  -   ,  198 ,  -   ," €  3 180,75 ",  196 ,  1 ,"-100,00%"
Hélicoptère,,1374894,20 minutes de vol en hélicoptère autour du Pic du Midi pour 2,Vol en hélicoptère,,,Haute-Savoie,Pic du Midi,,,,20 min,pour 2,"269,90"," €  5 353,02 ",  483 ,  20 ," €  5 173,08 ",  752 ,  19 ,"3,48%"
Hélicoptère,,1505140,25 minutes dans les airs lors d'un vol en hélicoptère à Quimper,Vol en hélicoptère,,dans les airs ,Finistère,Quimper,,,,25 min,,"229,90", €  -   ,  26 ,  -   , €  -   ,  -   ,  -   ,"0,00%"
Hélicoptère,,1508911,Marseille et ses environs vus du ciel : 20 min de vol en hélicoptère pour 2,Vol en hélicoptère,,Vus du ciel,Provence-Alpes-Côte d'Azur,Marseille ,,,Marseille et ses environs vus du ciel,20 min,pour 2,"359,90"," €  1 679,53 ",  177 ,  5 , €  -   ,  -   ,  -   ,"0,00%"
Hélicoptère,,1474223,Mont Blanc vu du ciel : 30 minutes de vol en hélicoptère depuis les Arcs,Vol en hélicoptère,,Mont Blanc,Auvergne-Rhône-Alpes,Mont blanc,,,depuis les Arcs,30 min,,"199,90"," €  1 865,73 ",  266 ,  9 ," €  999,50 ",  207 ,  5 ,"86,67%"
Hélicoptère,,1467663,Vol en hélicoptère  de 30 min autour du mont Blanc,Vol en hélicoptère,,Mont Blanc,Auvergne-Rhône-Alpes,Mont Blanc,,,,30 min,,"209,90"," €  6 122,08 ",  830 ,  29 , €  -   ,  -   ,  -   ,"0,00%"
Hélicoptère,,1342600,Vol 25 min en hélicoptère à la découverte d'Amboise et des châteaux de la Loire,Vol en hélicoptère,,Châteaux,Centre-Val de Loire,Amboise et des châteaux de la Loire,,,,25 min,,"179,90", €  -   ,  305 ,  -   ," €  149,92 ",  609 ,  1 ,"-100,00%"
Hélicoptère,,1467665,Vol de 10 minutes en hélicoptère au-dessus du bassin d'Arcachon et ses environs,Vol en hélicoptère,,,Aquitaine - Gironde,Arcachon,,,,10 min,,"79,90"," €  1 771,12 ",  529 ,  22 , €  -   ,  -   ,  -   ,"0,00%"
Hélicoptère,,1342601,Vol de 25 min en hélicoptère au-dessus de l’ouest de Paris et du château de Versailles,Vol en hélicoptère,,château de Versailles,Paris & Île-de-France,Paris-Versailles,,,au-dessus de l’ouest de Paris et du château de Versailles,25 min,,"219,90"," €  2 822,05 ",  438 ,  13 ," €  1 466,00 ",  764 ,  7 ,"92,50%"
Hélicoptère,,1467669,Vol de découverte de 10 min du fort Boyard en hélicoptère depuis Rochefort,Vol en hélicoptère,,découverte ,Charente-Maritime,fort Boyard,,,,10 min,,"79,90", €  -   ,  3 ,  -   , €  -   ,  -   ,  -   ,"0,00%"
Hélicoptère,,1514208,Vol découverte de Paris-Versailles pendant 45 min en hélicoptère,Vol en hélicoptère,,découverte ,Paris & Île-de-France,Paris-Versailles,,,,45 min,,"379,90", €  -   ,  11 ,  -   , €  -   ,  -   ,  -   ,"0,00%"
Hélicoptère,,1474220,Vol en hélicoptère autour du château de Versailles et des Yvelines pour 2,Vol en hélicoptère,,château de Versailles,Yvelines,Versailles/Yvelines,,,,,pour 2,"399,90"," €  4 665,50 ",  424 ,  12 ," €  1 999,50 ",  374 ,  5 ,"133,33%"
Hélicoptère,,1418974,Vol en hélicoptère de 20 min à Biarritz,Vol en hélicoptère,,,Nouvelle-Aquitaine,Biarritz,,,,20 min,,"219,90"," €  1 539,30 ",  312 ,  7 ," €  366,50 ",  108 ,  2 ,"320,00%"
Hélicoptère,,1508909,"Vol en hélicoptère de 20 min pour 2 au dessus de Roanne, la Loire et ses environs",Vol en hélicoptère,,,Loire,Roanne,,,,20 min,pour 2,"359,90", €  -   ,  34 ,  -   , €  -   ,  -   ,  -   ,"0,00%"
Hélicoptère,,1505133,Vol en hélicoptère de 25 min au-dessus des châteaux de la Loire,Vol en hélicoptère,,Châteaux,Centre-Val de Loire,Château de la loire,,,,25 min,,"209,90", €  -   ,  25 ,  -   , €  -   ,  -   ,  -   ,"0,00%"
Hélicoptère,,1405035,Vol en hélicoptère de 30 min au-dessus du fort Boyard et de l'île d'Oléron,Vol en hélicoptère,,,Nouvelle-Aquitaine,fort Boyard et de l'île d'Oléron,,,,30 min,,"399,90"," €  466,55 ",  29 ,  1 ," €  666,50 ",  341 ,  2 ,"-30,00%"
Hélicoptère,,1366216,Vol en hélicoptère et atelier œnologie en duo,Vol en hélicoptère,,,?,?,,atelier œnologie,,,pour 2,"699,80"," €  1 632,87 ",  150 ,  2 ," €  1 749,50 ",  167 ,  3 ,"-6,67%"
Hélicoptère,,1366444,Vol en hélicoptère et dîner accords mets et vins pour 2,Vol en hélicoptère,,,,?,,dîner accords mets et vins ,,,pour 2,"799,80", €  -   ,  -   ,  -   ," €  666,50 ",  42 ,  1 ,"-100,00%"
Hélicoptère,,1366280,Vol en hélicoptère et massage avec détente au spa pour un duo,Vol en hélicoptère,,,?,?,,massage avec détente au spa pour un duo,,,pour 2,"799,80"," €  933,10 ",  255 ,  1 ," €  1 999,50 ",  345 ,  3 ,"-53,33%"
Hélicoptère,,1365585,Vol en hélicoptère pour 2,Vol en hélicoptère,,,,,,,,,pour 2,"599,90", €  -   ,  -   ,  -   , €  -   ,  147 ,  -   ,"0,00%"
Hélicoptère,,1123938,Vol en hélicoptère pour 2,Vol en hélicoptère,,,?,?,,,,,pour 2,"379,90"," €  11 966,85 ",  1 733 ,  32 ," €  3 482,42 ",  1 166 ,  9 ,"243,64%"
Hélicoptère,,1474233,Vol en hélicoptère pour 2 à la découverte des côtes de Beaune,Vol en hélicoptère,,,Côte-d'Or,Beaune,,,,,pour 2,"399,90", €  -   ,  139 ,  -   , €  -   ,  109 ,  -   ,"0,00%"
Hélicoptère,,1412493,Vol exceptionnel en hélicoptère au-dessus du château de Chambord durant 1h,Vol en hélicoptère,,exceptionnel,Loir-et-Cher,château de Chambord,,,,1h,,"379,90", €  -   ,  -   ,  -   , €  -   ,  362 ,  -   ,"0,00%"
Hélicoptère,,1462143,Vol magnifique en hélicoptère au-dessus de Chalon-sur-Saône,Vol en hélicoptère,,Vol magnifique en hélicoptère, Saône-et-Loire,Chalon-sur-Saône,,,,,,"89,90"," €  314,65 ",  260 ,  4 ," €  149,83 ",  458 ,  2 ,"110,00%"
Hélicoptère,,1505127,15 minutes la tête dans les nuages lors d'un vol en hélicoptère à Quimper,Vol en hélicoptère ,,la tête dans les nuages,Finistère,Quimper,,,,15 min,pour 1,"149,90"," €  174,88 ",  16 ,  1 , €  -   ,  -   ,  -   ,"0,00%"
Hélicoptère,,1505151,15 minutes la tête dans les nuages lors d'un vol en hélicoptère à Quimper pour 2,Vol en hélicoptère ,,la tête dans les nuages,Finistère,Quimper,,,,15 min,pour 2,"299,90", €  -   ,  5 ,  -   , €  -   ,  -   ,  -   ,"0,00%"
Hélicoptère,,1505147,25 minutes de vol en hélicoptère pour découvrir Lorient et ses environs,Vol en hélicoptère ,,découvrir,Morbihan,Lorient,,,,25 min,,"249,90", €  -   ,  38 ,  -   , €  -   ,  -   ,  -   ,"0,00%"
Hélicoptère,,1505152,35 minutes la tête dans les nuages lors d'un vol en hélicoptère à Saint-Brieuc,Vol en hélicoptère ,,la tête dans les nuages,Côtes d'armor,Saint-Brieuc,,,,35 min,,"309,90", €  -   ,  4 ,  -   , €  -   ,  -   ,  -   ,"0,00%"
Hélicoptère,,1483669,"Vol en hélicoptère de 20 min au dessus de Roanne, la Loire et ses environs",Vol en hélicoptère ,,,Loire,"Roanne, la Loire",,,,20 min,,"184,90"," €  215,72 ",  33 ,  1 , €  -   ,  -   ,  -   ,"0,00%"
Hélicoptère,,1483668,20 min de vol en hélicoptère au-dessus de Montpellier et ses environs,Vol en hélicoptère au-dessus,,et ses environs,Hérault,Montpellier,,,,20 min,,"184,90"," €  215,72 ",  53 ,  1 , €  -   ,  -   ,  -   ,"0,00%"
Hélicoptère,,1508914,20 min de vol en hélicoptère au-dessus de Montpellier et ses environs pour 2,Vol en hélicoptère au-dessus,,et ses environs,Hérault,Montpellier,,,,20 min,pour 2,"359,90", €  -   ,  37 ,  -   , €  -   ,  -   ,  -   ,"0,00%"
Hélicoptère,,1474230,Vol en hélicoptère au-dessus de Chalon-sur-Saône et ses environs,Vol en hélicoptère au-dessus,,et ses environs,Saône-et-Loire,Chalon-sur-Saône,,,,,,"157,90"," €  184,22 ",  188 ,  1 , €  -   ,  159 ,  -   ,"0,00%"
avion de chasse,,1409985,Exclusieve vlucht boven de Zwitserse Alpen in een Hawker Hunter | Vol exclusif au-dessus des Alpes suisses dans un Hawker Hunter,Vol exclusif ,,,,,,,,,,"7 531,90", €  -   ,  646 ,  -   , €  -   ,  433 ,  -   ,"0,00%"
Hélicoptère,,1412488,Vol fabuleux de 40 min en hélicoptère au-dessus du château de Chenonceau,Vol fabuleux,,,Indre-et-Loire,château de Chenonceau,,,,40 min,,"219,90", €  -   ,  -   ,  -   ," €  183,25 ",  203 ,  1 ,"-100,00%"
avion de chasse,,1409994,Onvergetelijke vlucht in een L-39 Albatros in Tsjechië | Vol inoubliable en L-39 Albatros en République Tchèque,Vol inoubliable ,,,,,,,,,,"2 961,90", €  -   ,  125 ,  -   , €  -   ,  167 ,  -   ,"0,00%"
montgolfière,,1338611,Vol magique en montgolfière d'1h avec verre de boisson pétillante pour 2 personnes,Vol magique,,,,,,,,1h,pour 2,"359,90"," €  2 099,42 ",  341 ,  6 ," €  2 999,17 ",  1 369 ,  8 ,"-30,00%"
montgolfière,,1351890,Vol magnifique en montgolfière de 1h avec pause gourmande pour 2 personnes,Vol magique,,,,,,,,1h,pour 2,"539,90"," €  4 409,18 ",  391 ,  8 ," €  899,83 ",  521 ,  2 ,"390,00%"
Hélicoptère,,1474240,Vol magique en hélicoptère autour du château de Versailles et des Yvelines,Vol magique en ,,château de Versailles,Yvelines/Paris,Versailles/Yvelines,,,,,,"219,90"," €  1 282,75 ",  312 ,  6 ," €  1 466,00 ",  749 ,  7 ,"-12,50%"
ULM,,1491437,1h de vol panoramique en ULM près de Colmar,Vol panoramique,,,,,,,,1h,,"224,90", €  -   ,  12 ,  -   , €  -   ,  -   ,  -   ,"0,00%"
ULM,,1491435,30 min de vol panoramique en ULM près de Colmar,Vol panoramique,,,,,,,,30 min,,"124,90"," €  145,72 ",  38 ,  1 , €  -   ,  -   ,  -   ,"0,00%"
ULM,,1491439,50 min de vol panoramique en ULM pour 2 près de Colmar,Vol panoramique,,,,,,,,50 min,pour 2,"379,90", €  -   ,  11 ,  -   , €  -   ,  -   ,  -   ,"0,00%"
ULM,,1491436,50 min de vol panoramique en ULM près de Colmar,Vol panoramique,,,,,,,,,,"184,90", €  -   ,  14 ,  -   , €  -   ,  -   ,  -   ,"0,00%"
Hélicoptère,,1505141,25 minutes de vol panoramique en hélicoptère pour découvrir Saint-Brieuc,Vol panoramique,,découvrir,Côtes d'armor,Saint-Brieuc,,,,25 min,,"229,90", €  -   ,  16 ,  -   , €  -   ,  -   ,  -   ,"0,00%"
Hélicoptère,,1505119,Le Mans et ses environs depuis le ciel : vol panoramique en hélicoptère,Vol panoramique,Depuis le ciel ,depuis le ciel,Sarthe,Mans,,,,,,"99,90", €  -   ,  22 ,  -   , €  -   ,  -   ,  -   ,"0,00%"
Hélicoptère,,1505137,Le Mans et ses environs depuis les nuages : 25 min de vol panoramique en hélicoptère,Vol panoramique,,depuis les nuages,Sarthe,Mans,,,,25 min,,"209,90"," €  244,88 ",  16 ,  1 , €  -   ,  -   ,  -   ,"0,00%"
Hélicoptère,,1505145,Toulouse et Airbus vus du ciel : 30 min de vol panoramique en hélicoptère,Vol panoramique,,vus du ciel,Haute-Garonne,Toulouse,,,,30 min,,"249,90", €  -   ,  19 ,  -   , €  -   ,  -   ,  -   ,"0,00%"
Hélicoptère,,1505132,Vol panoramique en hélicoptère : 12 minutes en duo au-dessus du Mans et de ses environs,Vol panoramique,,,Sarthe,Mans,,,,12 min,pour 2,"184,90", €  -   ,  19 ,  -   , €  -   ,  -   ,  -   ,"0,00%"
Hélicoptère,,1358317,Vol panoramique en hélicoptère au-dessus du château de Villandry,Vol panoramique,,château de Villandry,Indre-et-loire,château de Villandry,,,,,,"119,90"," €  419,65 ",  314 ,  4 ," €  299,75 ",  309 ,  3 ,"40,00%"
Hélicoptère,,1411929,Vol panoramique en hélicoptère au-dessus du château de Villandry pour 2,Vol panoramique,,château de Villandry,,Villandry/tour,,,,,pour 2,"239,90", €  -   ,  -   ,  -   ," €  1 199,50 ",  298 ,  5 ,"-100,00%"
Hélicoptère,,1505128,Vol panoramique en hélicoptère de 15 min au-dessus des Pyrénées Ariégeoises,Vol panoramique,,,midi-pyrénées,Pyrénées Ariégeoises,,,,15 min,,"169,90", €  -   ,  20 ,  -   , €  -   ,  -   ,  -   ,"0,00%"
Hélicoptère,,1505138,Vol panoramique en hélicoptère de 20 min au-dessus des environs de Rodez,Vol panoramique,,,Aveyron,Rodez,,,,20 min,,"209,90", €  -   ,  11 ,  -   , €  -   ,  -   ,  -   ,"0,00%"
Hélicoptère,,1505154,Vol panoramique en hélicoptère de 35 min au-dessus des Pyrénées Ariégeoises,Vol panoramique,,,midi-pyrénées,Pyrénées Ariégeoises,,,,35 min,,"329,90", €  -   ,  5 ,  -   , €  -   ,  -   ,  -   ,"0,00%"
Hélicoptère,,1505153,Vol panoramique en hélicoptère de 40 min entre Dinard et le Mont-Saint-Michel,Vol panoramique,,,Normandie,Mont-Saint-Michel / Dinard,,,,40 min,,"329,90"," €  384,88 ",  22 ,  1 , €  -   ,  -   ,  -   ,"0,00%"
Hélicoptère,,1411930,Vol panoramique en hélicoptère en duo au-dessus du château d’Amboise,Vol panoramique,,château d’Amboise,Indre-et-loire,Ambroise,,,,,pour 2,"299,90", €  -   ,  -   ,  -   , €  -   ,  216 ,  -   ,"0,00%"
montgolfière,,1457618,"Vol plaisir en montgolfière d'1h pour 2 en semaine et le week-end, proche de l'Auvergne",Vol plaisir,,,,,,,,1h,pour 2,"359,90"," €  7 557,90 ",  889 ,  21 , €  -   ,  -   ,  -   ,"0,00%"
montgolfière,,1457724,Vol plaisir en montgolfière d'1h pour 2 le matin en semaine dans le Beaujolais,Vol plaisir,,,,,,,,1h,pour 2,"289,90"," €  5 073,25 ",  920 ,  18 , €  -   ,  -   ,  -   ,"0,00%"
montgolfière,,1457619,Vol plaisir en montgolfière de 1h le matin en semaine proche de l'Auvergne,Vol plaisir,,,,,,,,1h,,"289,90"," €  4 735,03 ",  815 ,  16 , €  -   ,  -   ,  -   ,"0,00%"
montgolfière,,1458487,"Vol plaisir en montgolfière en duo pendant 1h en Bourgogne, en semaine et le week-end",Vol plaisir,,,,,,,,1h,pour 2,"359,90"," €  9 237,43 ",  1 012 ,  26 , €  -   ,  -   ,  -   ,"0,00%"
montgolfière,,1500355,Vol privatisé en montgolfière d'1h15 avec photos et champagne pour 2 près de Châtellerault,Vol plaisir,,,,,,avec photos,,1h15,pour 2,"549,90", €  -   ,  44 ,  -   , €  -   ,  -   ,  -   ,"0,00%"
Avion,,1461179,1h de vol privé en avion au-dessus de Lyon et ses alentours pour 3 personnes,Vol privé,,,,,,,,1h,pour 3,"254,90"," €  297,38 ",  56 ,  1 , €  -   ,  -   ,  -   ,"0,00%"
Avion,,1382010,45 minutes de vol avec pilote privé au-dessus de la Côte d’Opale,Vol privé,,,Nord-Pas-de-Calais,Côte d’Opale,,,,45 min,,"179,90"," €  209,88 ",  331 ,  1 ," €  449,75 ",  128 ,  3 ,"-53,33%"
Avion,,1382009,Private Flight for 2 | Vol privé pour 2,Vol privé,,,,,,,,,pour 2,"119,90"," €  4 056,62 ",  1 188 ,  34 ," €  1 798,50 ",  807 ,  15 ,"125,56%"
Avion,,1382008,Vol avec pilote privé au-dessus de la Côte d’Opale,Vol privé,,,Nord-Pas-de-Calais,Côte d’Opale,,,,,,"79,90"," €  559,30 ",  280 ,  7 ," €  332,92 ",  216 ,  4 ,"68,00%"
Avion,,1456443,Vol privé d'1h au-dessus de la Côte d’Azur pour 2 personnes,Vol privé,,,,,,,,1h,pour 2,"215,90"," €  2 015,07 ",  303 ,  9 ," €  2 338,92 ",  471 ,  11 ,"-13,85%"
Avion,,1402341,Vol privé d'1h pour 2 au-dessus de Besançon et ses alentours,Vol privé,,,Franche-Comté,Besançon,,,,1h,pour 2,"244,90", €  -   ,  -   ,  -   , €  -   ,  34 ,  -   ,"0,00%"
Avion,,1424697,Vol privé de 45 min au-dessus des Jardins d'Étretat et des plages du débarquement pour 2,Vol privé,,,,,,,,45 min,pour 2,"179,90", €  -   ,  19 ,  -   ," €  4 047,75 ",  721 ,  23 ,"-100,00%"
montgolfière,,1173032,Vol privé en Montgolfière,Vol privé,,,,,,,,,,"1 199,90", €  -   ,  100 ,  -   , €  -   ,  263 ,  -   ,"0,00%"
Hélicoptère,,1344594,Vol sur mesure en hélicoptère d'1h en Savoie,Vol sur-mesure,,,Auvergne-Rhône-Alpes,Savoie,,,,1h,,"649,90", €  -   ,  87 ,  -   , €  -   ,  81 ,  -   ,"0,00%"
Hélicoptère,,1344599,"Vol sur-mesure de 30 min en hélicoptère avec photo-souvenir, en Savoie",Vol sur-mesure,,,Auvergne-Rhône-Alpes,Savoie,,avec photos,,30 min,,"349,90"," €  816,43 ",  138 ,  2 , €  -   ,  120 ,  -   ,"0,00%"
Hélicoptère,,1462142,Vol touristique de 30 minutes en hélicoptère au bassin d'Arcachon,Vol touristique,,,Aquitaine - Gironde,Arcachon,,,,30 min,,"219,90"," €  2 822,05 ",  241 ,  13 ," €  1 466,00 ",  271 ,  7 ,"92,50%"
montgolfière,,1467761,Voyage dans le ciel : 1h de vol en montgolfière pour 1 personne près de Bordeaux,Voyage dans le ciel,,,,,,,,1h,pour 1,"224,90", €  -   ,  596 ,  -   , €  -   ,  -   ,  -   ,"0,00%"